gyr_x,gyr_y,gyr_z,acc_x,acc_y,acc_z
0.24414062,-2.2583008,-3.479004,-0.077811554,-0.044292733,-9.838972
0.24414062,-2.2583008,-3.479004,-0.094570965,-0.02633622,-9.844957
0.24414062,-2.1972656,-3.3569336,-0.095768064,-0.038307227,-9.846154
0.30517578,-2.380371,-3.2958984,-0.089782566,-0.04309563,-9.844957
0.12207031,-2.319336,-3.3569336,-0.059855044,-0.04189853,-9.8437605
0.30517578,-2.1972656,-3.3569336,-0.059855044,-0.015562311,-9.849746
0.24414062,-2.2583008,-3.4179688,-0.05267244,-0.023942016,-9.840169
0.24414062,-2.319336,-3.479004,-0.055066638,-0.022744916,-9.821015
0.24414062,-2.319336,-3.4179688,-0.055066638,-0.027533319,-9.818622
0.30517578,-2.1972656,-3.3569336,-0.07182605,-0.03232172,-9.853337
0.24414062,-2.319336,-3.4179688,-0.073023155,-0.044292733,-9.840169
0.36621094,-2.319336,-3.4179688,-0.044292733,-0.047884032,-9.809045
0.36621094,-2.380371,-3.3569336,-0.08738836,-0.02633622,-9.832987
0.30517578,-2.380371,-3.3569336,-0.1388637,-0.0011971008,-9.856929
0.30517578,-2.319336,-3.3569336,-0.12808979,-0.020350715,-9.847352
0.30517578,-2.319336,-3.3569336,-0.05865794,-0.044292733,-9.837775
0.30517578,-2.380371,-3.3569336,-0.046686932,-0.053869538,-9.849746
0.24414062,-2.2583008,-3.3569336,-0.055066638,-0.045489833,-9.85214
0.30517578,-2.380371,-3.4179688,-0.09935937,-0.02633622,-9.834184
0.30517578,-2.319336,-3.4179688,-0.09696517,-0.017956512,-9.847352
0.30517578,-2.2583008,-3.479004,-0.075417355,-0.035913024,-9.853337
0.30517578,-2.319336,-3.479004,-0.047884032,-0.039504327,-9.846154
0.18310547,-2.319336,-3.2348633,-0.045489833,-0.037110128,-9.850943
0.30517578,-2.2583008,-3.2958984,-0.08619126,-0.023942016,-9.838972
0.24414062,-2.380371,-3.4179688,-0.090979666,-0.019153614,-9.849746
0.30517578,-2.319336,-3.4179688,-0.06464344,-0.04189853,-9.849746
0.36621094,-2.319336,-3.479004,-0.05746084,-0.046686932,-9.834184
0.30517578,-2.319336,-3.2958984,-0.06464344,-0.04189853,-9.849746
0.36621094,-2.319336,-3.2958984,-0.093373865,-0.037110128,-9.849746
0.24414062,-2.319336,-3.3569336,-0.093373865,-0.025139118,-9.849746
0.18310547,-2.380371,-3.479004,-0.074220255,-0.04189853,-9.849746
0.24414062,-2.2583008,-3.4179688,-0.055066638,-0.04189853,-9.844957
0.30517578,-2.319336,-3.4179688,-0.05267244,-0.02873042,-9.849746
0.30517578,-2.2583008,-3.4179688,-0.07182605,-0.04309563,-9.837775
0.18310547,-2.319336,-3.3569336,-0.08020575,-0.035913024,-9.849746
0.30517578,-2.380371,-3.3569336,-0.059855044,-0.04070143,-9.844957
0.24414062,-2.2583008,-3.479004,-0.059855044,-0.044292733,-9.8437605
0.24414062,-2.319336,-3.3569336,-0.061052144,-0.039504327,-9.837775
0.30517578,-2.319336,-3.4179688,-0.074220255,-0.035913024,-9.849746
0.24414062,-2.319336,-3.3569336,-0.093373865,-0.034715924,-9.849746
0.30517578,-2.380371,-3.3569336,-0.06584055,-0.04309563,-9.847352
0.24414062,-2.319336,-3.3569336,-0.055066638,-0.04189853,-9.847352
0.24414062,-2.2583008,-3.4179688,-0.05746084,-0.04070143,-9.849746
0.24414062,-2.319336,-3.3569336,-0.06464344,-0.04070143,-9.849746
0.30517578,-2.1972656,-3.4179688,-0.079008654,-0.035913024,-9.8437605
0.18310547,-2.2583008,-3.3569336,-0.07062895,-0.031124622,-9.850943
0.24414062,-2.319336,-3.3569336,-0.06344634,-0.037110128,-9.849746
0.24414062,-2.319336,-3.3569336,-0.062249243,-0.04189853,-9.844957
0.30517578,-2.2583008,-3.3569336,-0.07062895,-0.04189853,-9.849746
0.24414062,-2.2583008,-3.3569336,-0.075417355,-0.037110128,-9.849746
0.36621094,-2.319336,-3.4179688,-0.06344634,-0.039504327,-9.849746
0.4272461,-2.380371,-3.4179688,-0.05865794,-0.039504327,-9.849746
0.24414062,-2.319336,-3.4179688,-0.05626374,-0.039504327,-9.848549
0.36621094,-2.380371,-3.3569336,-0.06584055,-0.035913024,-9.849746
0.30517578,-2.319336,-3.4179688,-0.074220255,-0.03232172,-9.847352
0.24414062,-2.2583008,-3.4179688,-0.08020575,-0.04070143,-9.850943
0.24414062,-2.2583008,-3.3569336,-0.07182605,-0.04309563,-9.8437605
0.30517578,-2.319336,-3.2958984,-0.06344634,-0.04189853,-9.847352
0.24414062,-2.2583008,-3.4179688,-0.061052144,-0.039504327,-9.849746
0.30517578,-2.319336,-3.4179688,-0.075417355,-0.038307227,-9.849746
0.24414062,-2.380371,-3.479004,-0.061052144,-0.034715924,-9.848549
0.30517578,-2.319336,-3.4179688,-0.06344634,-0.04309563,-9.844957
0.30517578,-2.1972656,-3.4179688,-0.062249243,-0.035913024,-9.849746
0.18310547,-2.2583008,-3.3569336,-0.06464344,-0.038307227,-9.844957
0.18310547,-2.2583008,-3.3569336,-0.08379706,-0.037110128,-9.849746
0.24414062,-2.2583008,-3.479004,-0.06823475,-0.037110128,-9.847352
0.24414062,-2.319336,-3.479004,-0.06943185,-0.04070143,-9.846154
0.36621094,-2.2583008,-3.479004,-0.05865794,-0.04070143,-9.844957
0.30517578,-2.2583008,-3.4179688,-0.05746084,-0.04070143,-9.844957
0.24414062,-2.380371,-3.3569336,-0.073023155,-0.031124622,-9.850943
0.18310547,-2.319336,-3.4179688,-0.06823475,-0.03232172,-9.849746
0.36621094,-2.319336,-3.540039,-0.05865794,-0.04309563,-9.842564
0.36621094,-2.319336,-3.3569336,-0.053869538,-0.04189853,-9.850943
0.36621094,-2.380371,-3.4179688,-0.061052144,-0.04189853,-9.8437605
0.30517578,-2.319336,-3.4179688,-0.06703765,-0.04189853,-9.847352
0.24414062,-2.2583008,-3.3569336,-0.062249243,-0.035913024,-9.849746
0.36621094,-2.319336,-3.4179688,-0.05865794,-0.037110128,-9.849746
0.30517578,-2.319336,-3.4179688,-0.062249243,-0.037110128,-9.840169
0.30517578,-2.380371,-3.4179688,-0.06823475,-0.025139118,-9.844957
0.30517578,-2.380371,-3.479004,-0.08499416,-0.025139118,-9.842564
0.30517578,-2.2583008,-3.3569336,-0.074220255,-0.04309563,-9.840169
0.24414062,-2.2583008,-3.4179688,-0.05865794,-0.044292733,-9.840169
0.30517578,-2.2583008,-3.4179688,-0.05626374,-0.049081136,-9.842564
0.4272461,-2.319336,-3.4179688,-0.061052144,-0.04309563,-9.840169
0.24414062,-2.319336,-3.4179688,-0.074220255,-0.02633622,-9.848549
0.36621094,-2.2583008,-3.4179688,-0.06703765,-0.02873042,-9.849746
0.30517578,-2.2583008,-3.4179688,-0.06703765,-0.04189853,-9.844957
0.24414062,-2.319336,-3.479004,-0.061052144,-0.038307227,-9.850943
0.24414062,-2.2583008,-3.4179688,-0.06584055,-0.04309563,-9.842564
0.30517578,-2.2583008,-3.479004,-0.061052144,-0.04189853,-9.841366
0.24414062,-2.319336,-3.479004,-0.076614454,-0.038307227,-9.846154
0.24414062,-2.2583008,-3.479004,-0.06464344,-0.038307227,-9.849746
0.24414062,-2.2583008,-3.479004,-0.07182605,-0.038307227,-9.849746
0.24414062,-2.2583008,-3.3569336,-0.06584055,-0.022744916,-9.848549
0.18310547,-2.1972656,-3.3569336,-0.059855044,-0.019153614,-9.850943
0.30517578,-2.2583008,-3.3569336,-0.05746084,-0.033518825,-9.849746
0.18310547,-2.2583008,-3.4179688,-0.05267244,-0.044292733,-9.850943
0.24414062,-2.319336,-3.3569336,-0.05865794,-0.04070143,-9.829395
0.30517578,-2.2583008,-3.3569336,-0.06703765,-0.04189853,-9.838972
0.24414062,-2.319336,-3.3569336,-0.075417355,-0.02873042,-9.844957
0.30517578,-2.319336,-3.2958984,-0.08379706,-0.033518825,-9.849746
0.30517578,-2.319336,-3.3569336,-0.076614454,-0.03232172,-9.849746
0.24414062,-2.2583008,-3.3569336,-0.06584055,-0.04189853,-9.848549
0.30517578,-2.319336,-3.3569336,-0.06584055,-0.04189853,-9.847352
0.36621094,-2.380371,-3.4179688,-0.059855044,-0.04309563,-9.846154
0.36621094,-2.380371,-3.3569336,-0.05746084,-0.038307227,-9.841366
0.30517578,-2.380371,-3.4179688,-0.05746084,-0.029927522,-9.849746
0.4272461,-2.319336,-3.4179688,-0.05865794,-0.033518825,-9.844957
0.30517578,-2.319336,-3.3569336,-0.062249243,-0.027533319,-9.849746
0.24414062,-2.319336,-3.4179688,-0.059855044,-0.022744916,-9.849746
0.24414062,-2.319336,-3.479004,-0.07182605,-0.033518825,-9.849746
0.30517578,-2.319336,-3.4179688,-0.06703765,-0.04189853,-9.848549
0.30517578,-2.2583008,-3.4179688,-0.06344634,-0.04189853,-9.849746
0.18310547,-2.319336,-3.3569336,-0.062249243,-0.04189853,-9.847352
0.24414062,-2.319336,-3.2348633,-0.075417355,-0.044292733,-9.841366
0.36621094,-2.2583008,-3.2958984,-0.075417355,-0.039504327,-9.846154
0.36621094,-2.380371,-3.2958984,-0.07182605,-0.037110128,-9.842564
0.30517578,-2.319336,-3.3569336,-0.05865794,-0.03232172,-9.849746
0.30517578,-2.380371,-3.4179688,-0.061052144,-0.033518825,-9.849746
0.30517578,-2.2583008,-3.3569336,-0.05267244,-0.034715924,-9.846154
0.30517578,-2.319336,-3.3569336,-0.055066638,-0.035913024,-9.848549
0.30517578,-2.319336,-3.4179688,-0.07062895,-0.04309563,-9.842564
0.36621094,-2.319336,-3.3569336,-0.06344634,-0.035913024,-9.849746
0.30517578,-2.319336,-3.4179688,-0.06823475,-0.037110128,-9.849746
0.4272461,-2.2583008,-3.4179688,-0.07182605,-0.034715924,-9.849746
0.30517578,-2.2583008,-3.3569336,-0.06943185,-0.037110128,-9.847352
0.24414062,-2.319336,-3.3569336,-0.07062895,-0.039504327,-9.842564
0.30517578,-2.2583008,-3.4179688,-0.061052144,-0.035913024,-9.844957
0.36621094,-2.2583008,-3.2958984,-0.053869538,-0.035913024,-9.848549
0.18310547,-2.2583008,-3.4179688,-0.06703765,-0.04309563,-9.844957
0.24414062,-2.2583008,-3.4179688,-0.06943185,-0.038307227,-9.841366
0.30517578,-2.2583008,-3.3569336,-0.06584055,-0.033518825,-9.849746
0.30517578,-2.2583008,-3.4179688,-0.06464344,-0.035913024,-9.846154
0.30517578,-2.319336,-3.2958984,-0.06943185,-0.037110128,-9.844957
0.24414062,-2.1362305,-3.3569336,-0.062249243,-0.04189853,-9.848549
0.30517578,-2.2583008,-3.3569336,-0.06703765,-0.04070143,-9.849746
0.24414062,-2.319336,-3.3569336,-0.059855044,-0.04189853,-9.846154
0.30517578,-2.2583008,-3.4179688,-0.07062895,-0.04309563,-9.834184
0.18310547,-2.380371,-3.4179688,-0.074220255,-0.04070143,-9.849746
0.24414062,-2.1972656,-3.3569336,-0.076614454,-0.04309563,-9.840169
0.30517578,-2.319336,-3.4179688,-0.07182605,-0.038307227,-9.832987
0.36621094,-2.2583008,-3.479004,-0.07062895,-0.033518825,-9.842564
0.30517578,-2.2583008,-3.3569336,-0.061052144,-0.04070143,-9.838972
0.36621094,-2.319336,-3.4179688,-0.061052144,-0.035913024,-9.844957
0.18310547,-2.2583008,-3.4179688,-0.061052144,-0.039504327,-9.837775
0.30517578,-2.319336,-3.479004,-0.06344634,-0.037110128,-9.832987
0.36621094,-2.2583008,-3.4179688,-0.06823475,-0.039504327,-9.827001
0.30517578,-2.319336,-3.4179688,-0.06344634,-0.037110128,-9.848549
0.30517578,-2.2583008,-3.4179688,-0.073023155,-0.033518825,-9.849746
0.36621094,-2.319336,-3.4179688,-0.077811554,-0.034715924,-9.849746
0.24414062,-2.319336,-3.3569336,-0.07062895,-0.04189853,-9.837775
0.30517578,-2.319336,-3.4179688,-0.076614454,-0.04309563,-9.835381
0.4272461,-2.2583008,-3.3569336,-0.07062895,-0.044292733,-9.838972
0.36621094,-2.4414062,-3.3569336,-0.062249243,-0.037110128,-9.836577
0.24414062,-2.319336,-3.3569336,-0.06943185,-0.03232172,-9.848549
0.24414062,-2.319336,-3.479004,-0.06464344,-0.023942016,-9.8437605
0.30517578,-2.319336,-3.4179688,-0.061052144,-0.037110128,-9.844957
0.30517578,-2.319336,-3.3569336,-0.059855044,-0.037110128,-9.836577
0.36621094,-2.2583008,-3.3569336,-0.062249243,-0.04070143,-9.838972
0.36621094,-2.319336,-3.3569336,-0.074220255,-0.04309563,-9.842564
0.30517578,-2.2583008,-3.4179688,-0.08619126,-0.034715924,-9.847352
0.24414062,-2.319336,-3.4179688,-0.073023155,-0.039504327,-9.848549
0.30517578,-2.2583008,-3.4179688,-0.06584055,-0.033518825,-9.838972
0.24414062,-2.319336,-3.3569336,-0.06344634,-0.04189853,-9.837775
0.24414062,-2.319336,-3.3569336,-0.062249243,-0.037110128,-9.842564
0.30517578,-2.2583008,-3.4179688,-0.06344634,-0.039504327,-9.841366
0.24414062,-2.319336,-3.4179688,-0.06464344,-0.029927522,-9.842564
0.30517578,-2.319336,-3.3569336,-0.05626374,-0.035913024,-9.840169
0.30517578,-2.2583008,-3.3569336,-0.06943185,-0.04189853,-9.825804
0.30517578,-2.319336,-3.2958984,-0.06943185,-0.017956512,-9.849746
0.24414062,-2.2583008,-3.4179688,-0.06823475,-0.02633622,-9.849746
0.24414062,-2.2583008,-3.4179688,-0.07182605,-0.04309563,-9.834184
0.30517578,-2.319336,-3.4179688,-0.076614454,-0.04189853,-9.818622
0.30517578,-2.2583008,-3.479004,-0.061052144,-0.04309563,-9.831789
0.30517578,-2.2583008,-3.4179688,-0.061052144,-0.045489833,-9.812635
0.36621094,-2.319336,-3.2958984,-0.073023155,-0.04189853,-9.8198185
0.30517578,-2.319336,-3.3569336,-0.06703765,-0.020350715,-9.849746
0.30517578,-2.380371,-3.4179688,-0.061052144,-0.016759412,-9.848549
0.36621094,-2.380371,-3.4179688,-0.05746084,-0.015562311,-9.844957
0.30517578,-2.319336,-3.479004,-0.061052144,-0.031124622,-9.841366
0.30517578,-2.2583008,-3.4179688,-0.06584055,-0.04309563,-9.848549
0.30517578,-2.380371,-3.4179688,-0.06943185,-0.044292733,-9.849746
0.30517578,-2.2583008,-3.4179688,-0.062249243,-0.04189853,-9.841366
0.24414062,-2.319336,-3.479004,-0.061052144,-0.04309563,-9.844957
0.36621094,-2.319336,-3.4179688,-0.077811554,-0.033518825,-9.849746
0.24414062,-2.380371,-3.3569336,-0.08140286,-0.017956512,-9.849746
0.24414062,-2.2583008,-3.4179688,-0.07182605,-0.02873042,-9.849746
0.24414062,-2.319336,-3.4179688,-0.05746084,-0.029927522,-9.850943
0.30517578,-2.1972656,-3.4179688,-0.055066638,-0.033518825,-9.849746
0.30517578,-2.319336,-3.4179688,-0.05865794,-0.04309563,-9.834184
0.24414062,-2.319336,-3.4179688,-0.05626374,-0.04070143,-9.840169
0.30517578,-2.319336,-3.3569336,-0.062249243,-0.034715924,-9.849746
0.36621094,-2.1972656,-3.3569336,-0.06703765,-0.03232172,-9.849746
0.30517578,-2.2583008,-3.2958984,-0.073023155,-0.022744916,-9.849746
0.30517578,-2.380371,-3.3569336,-0.077811554,-0.037110128,-9.8437605
0.30517578,-2.2583008,-3.4179688,-0.08020575,-0.038307227,-9.844957
0.24414062,-2.2583008,-3.3569336,-0.06703765,-0.045489833,-9.8437605
0.30517578,-2.380371,-3.3569336,-0.06943185,-0.044292733,-9.821015
0.36621094,-2.319336,-3.4179688,-0.05865794,-0.04309563,-9.829395
0.30517578,-2.319336,-3.4179688,-0.073023155,-0.034715924,-9.848549
0.30517578,-2.319336,-3.3569336,-0.062249243,-0.023942016,-9.849746
0.24414062,-2.2583008,-3.4179688,-0.074220255,-0.038307227,-9.842564
0.24414062,-2.319336,-3.4179688,-0.061052144,-0.015562311,-9.849746
0.24414062,-2.2583008,-3.479004,-0.06344634,-0.038307227,-9.834184
0.24414062,-2.319336,-3.479004,-0.061052144,-0.04070143,-9.832987
0.30517578,-2.1972656,-3.3569336,-0.073023155,-0.04309563,-9.827001
0.24414062,-2.319336,-3.479004,-0.06703765,-0.039504327,-9.835381
0.30517578,-2.319336,-3.479004,-0.06823475,-0.038307227,-9.82341
0.24414062,-2.319336,-3.3569336,-0.07062895,-0.03232172,-9.8437605
0.36621094,-2.2583008,-3.3569336,-0.075417355,-0.025139118,-9.838972
0.24414062,-2.2583008,-3.4179688,-0.059855044,-0.029927522,-9.840169
0.24414062,-2.319336,-3.4179688,-0.061052144,-0.027533319,-9.848549
0.36621094,-2.319336,-3.4179688,-0.05267244,-0.044292733,-9.836577
0.24414062,-2.380371,-3.3569336,-0.055066638,-0.035913024,-9.834184
0.30517578,-2.4414062,-3.3569336,-0.062249243,-0.04070143,-9.840169
0.24414062,-2.380371,-3.3569336,-0.06703765,-0.034715924,-9.841366
0.36621094,-2.319336,-3.3569336,-0.07182605,-0.034715924,-9.848549
0.24414062,-2.1972656,-3.4179688,-0.079008654,-0.031124622,-9.840169
0.24414062,-2.2583008,-3.3569336,-0.073023155,-0.04070143,-9.840169
0.30517578,-2.319336,-3.4179688,-0.06584055,-0.04309563,-9.846154
0.30517578,-2.380371,-3.479004,-0.059855044,-0.04309563,-9.828198
0.30517578,-2.319336,-3.479004,-0.05746084,-0.038307227,-9.822212
0.24414062,-2.2583008,-3.479004,-0.06344634,-0.039504327,-9.844957
0.24414062,-2.319336,-3.4179688,-0.06344634,-0.035913024,-9.849746
0.18310547,-2.2583008,-3.4179688,-0.061052144,-0.017956512,-9.8437605
0.30517578,-2.2583008,-3.479004,-0.06943185,-0.039504327,-9.830592
0.24414062,-2.380371,-3.4179688,-0.06943185,-0.039504327,-9.829395
0.24414062,-2.319336,-3.4179688,-0.06823475,-0.039504327,-9.832987
0.30517578,-2.2583008,-3.4179688,-0.06703765,-0.04309563,-9.81503
0.30517578,-2.1972656,-3.3569336,-0.08619126,-0.044292733,-9.812635
0.24414062,-2.319336,-3.3569336,-0.079008654,-0.044292733,-9.828198
0.24414062,-2.319336,-3.4179688,-0.08020575,-0.038307227,-9.840169
0.24414062,-2.2583008,-3.4179688,-0.06823475,-0.039504327,-9.8437605
0.24414062,-2.2583008,-3.479004,-0.061052144,-0.035913024,-9.831789
0.30517578,-2.2583008,-3.479004,-0.06464344,-0.039504327,-9.828198
0.24414062,-2.319336,-3.479004,-0.06344634,-0.034715924,-9.831789
0.30517578,-2.319336,-3.479004,-0.053869538,-0.039504327,-9.827001
0.36621094,-2.319336,-3.479004,-0.061052144,-0.034715924,-9.829395
0.30517578,-2.2583008,-3.4179688,-0.06703765,-0.04309563,-9.818622
0.24414062,-2.319336,-3.4179688,-0.06823475,-0.04189853,-9.837775
0.30517578,-2.319336,-3.4179688,-0.06823475,-0.033518825,-9.832987
0.30517578,-2.319336,-3.4179688,-0.07062895,-0.04189853,-9.836577
0.30517578,-2.319336,-3.4179688,-0.06584055,-0.039504327,-9.831789
0.18310547,-2.1972656,-3.4179688,-0.07062895,-0.04309563,-9.835381
0.30517578,-2.319336,-3.4179688,-0.06464344,-0.04309563,-9.829395
0.24414062,-2.319336,-3.479004,-0.06464344,-0.04309563,-9.830592
0.24414062,-2.319336,-3.3569336,-0.059855044,-0.04070143,-9.836577
0.18310547,-2.319336,-3.4179688,-0.06823475,-0.04070143,-9.828198
0.24414062,-2.319336,-3.3569336,-0.06584055,-0.033518825,-9.846154
0.30517578,-2.319336,-3.4179688,-0.07062895,-0.035913024,-9.821015
0.36621094,-2.319336,-3.4179688,-0.06464344,-0.03232172,-9.846154
0.30517578,-2.380371,-3.4179688,-0.06344634,-0.031124622,-9.824607
0.30517578,-2.319336,-3.3569336,-0.06823475,-0.04070143,-9.830592
0.24414062,-2.319336,-3.3569336,-0.06464344,-0.035913024,-9.828198
0.30517578,-2.2583008,-3.4179688,-0.07182605,-0.04189853,-9.834184
0.30517578,-2.2583008,-3.3569336,-0.08499416,-0.04309563,-9.8198185
0.4272461,-2.380371,-3.479004,-0.06823475,-0.04309563,-9.822212
0.36621094,-2.380371,-3.479004,-0.06584055,-0.027533319,-9.8437605
0.36621094,-2.380371,-3.3569336,-0.05626374,-0.033518825,-9.837775
0.36621094,-2.319336,-3.3569336,-0.06943185,-0.04309563,-9.818622
0.30517578,-2.2583008,-3.3569336,-0.07062895,-0.04309563,-9.807847
0.30517578,-2.2583008,-3.4179688,-0.05746084,-0.04070143,-9.82341
0.30517578,-2.2583008,-3.3569336,-0.05626374,-0.039504327,-9.822212
0.30517578,-2.1972656,-3.4179688,-0.06823475,-0.038307227,-9.822212
0.24414062,-2.2583008,-3.4179688,-0.07182605,-0.029927522,-9.838972
0.30517578,-2.319336,-3.4179688,-0.074220255,-0.031124622,-9.842564
0.4272461,-2.380371,-3.4179688,-0.074220255,-0.04309563,-9.831789
0.36621094,-2.2583008,-3.4179688,-0.06344634,-0.04309563,-9.822212
0.30517578,-2.319336,-3.4179688,-0.07062895,-0.04309563,-9.822212
0.36621094,-2.319336,-3.3569336,-0.061052144,-0.037110128,-9.834184
0.30517578,-2.319336,-3.2958984,-0.077811554,-0.031124622,-9.848549
0.30517578,-2.319336,-3.4179688,-0.07062895,-0.04309563,-9.829395
0.30517578,-2.319336,-3.3569336,-0.061052144,-0.02633622,-9.849746
0.24414062,-2.2583008,-3.4179688,-0.06344634,-0.03232172,-9.842564
0.30517578,-2.2583008,-3.4179688,-0.06823475,-0.027533319,-9.849746
0.24414062,-2.2583008,-3.2958984,-0.076614454,-0.04309563,-9.824607
0.24414062,-2.2583008,-3.479004,-0.06703765,-0.044292733,-9.838972
0.24414062,-2.319336,-3.4179688,-0.06344634,-0.04070143,-9.830592
0.30517578,-2.319336,-3.4179688,-0.07182605,-0.04189853,-9.828198
0.30517578,-2.2583008,-3.4179688,-0.079008654,-0.044292733,-9.828198
0.30517578,-2.319336,-3.3569336,-0.076614454,-0.04309563,-9.82341
0.36621094,-2.2583008,-3.3569336,-0.06703765,-0.038307227,-9.824607
0.30517578,-2.319336,-3.4179688,-0.05865794,-0.034715924,-9.830592
0.36621094,-2.2583008,-3.3569336,-0.062249243,-0.04070143,-9.827001
0.30517578,-2.2583008,-3.3569336,-0.06464344,-0.04309563,-9.8198185
0.30517578,-2.319336,-3.4179688,-0.06464344,-0.04189853,-9.82341
0.24414062,-2.319336,-3.479004,-0.06703765,-0.039504327,-9.834184
0.36621094,-2.2583008,-3.479004,-0.06823475,-0.034715924,-9.847352
0.24414062,-2.4414062,-3.4179688,-0.06344634,-0.034715924,-9.841366
0.36621094,-2.319336,-3.3569336,-0.073023155,-0.04070143,-9.844957
0.30517578,-2.2583008,-3.3569336,-0.073023155,-0.038307227,-9.841366
0.24414062,-2.319336,-3.479004,-0.07182605,-0.04309563,-9.837775
0.24414062,-2.1972656,-3.540039,-0.059855044,-0.045489833,-9.837775
0.30517578,-2.319336,-3.4179688,-0.05865794,-0.039504327,-9.837775
0.36621094,-2.380371,-3.479004,-0.059855044,-0.035913024,-9.831789
0.24414062,-2.2583008,-3.479004,-0.06703765,-0.035913024,-9.844957
0.36621094,-2.380371,-3.4179688,-0.06584055,-0.038307227,-9.847352
0.36621094,-2.380371,-3.4179688,-0.073023155,-0.027533319,-9.848549
0.24414062,-2.2583008,-3.3569336,-0.073023155,-0.04189853,-9.8198185
0.24414062,-2.319336,-3.3569336,-0.07062895,-0.04189853,-9.831789
0.30517578,-2.319336,-3.4179688,-0.07062895,-0.04309563,-9.821015
0.30517578,-2.319336,-3.4179688,-0.075417355,-0.044292733,-9.816227
0.24414062,-2.2583008,-3.4179688,-0.073023155,-0.04309563,-9.8198185
0.24414062,-2.319336,-3.4179688,-0.062249243,-0.034715924,-9.824607
0.18310547,-2.2583008,-3.4179688,-0.06464344,-0.02633622,-9.844957
0.30517578,-2.319336,-3.4179688,-0.06943185,-0.039504327,-9.836577
0.30517578,-2.319336,-3.4179688,-0.06344634,-0.027533319,-9.847352
0.36621094,-2.319336,-3.3569336,-0.05746084,-0.038307227,-9.840169
0.36621094,-2.2583008,-3.3569336,-0.06703765,-0.04309563,-9.822212
0.30517578,-2.2583008,-3.3569336,-0.074220255,-0.04309563,-9.828198
0.30517578,-2.319336,-3.3569336,-0.06943185,-0.04309563,-9.832987
0.30517578,-2.2583008,-3.479004,-0.06344634,-0.04189853,-9.827001
0.24414062,-2.319336,-3.4179688,-0.075417355,-0.04309563,-9.831789
0.36621094,-2.380371,-3.479004,-0.073023155,-0.04189853,-9.825804
0.24414062,-2.380371,-3.4179688,-0.075417355,-0.04189853,-9.832987
0.30517578,-2.380371,-3.3569336,-0.059855044,-0.034715924,-9.831789
0.36621094,-2.319336,-3.3569336,-0.06823475,-0.04309563,-9.832987
0.36621094,-2.380371,-3.3569336,-0.07062895,-0.04189853,-9.816227
0.30517578,-2.2583008,-3.3569336,-0.08020575,-0.035913024,-9.831789
0.24414062,-2.2583008,-3.4179688,-0.073023155,-0.04070143,-9.831789
0.24414062,-2.319336,-3.4179688,-0.08259996,-0.039504327,-9.829395
0.30517578,-2.319336,-3.4179688,-0.077811554,-0.03232172,-9.834184
0.36621094,-2.2583008,-3.3569336,-0.07182605,-0.04189853,-9.8198185
0.24414062,-2.380371,-3.3569336,-0.079008654,-0.04309563,-9.829395
0.30517578,-2.380371,-3.3569336,-0.06943185,-0.04189853,-9.832987
0.18310547,-2.2583008,-3.3569336,-0.06464344,-0.039504327,-9.825804
0.24414062,-2.319336,-3.3569336,-0.06344634,-0.03232172,-9.831789
0.24414062,-2.319336,-3.3569336,-0.06584055,-0.04309563,-9.829395
0.24414062,-2.319336,-3.3569336,-0.06943185,-0.034715924,-9.8437605
0.18310547,-2.319336,-3.4179688,-0.06584055,-0.029927522,-9.849746
0.24414062,-2.380371,-3.3569336,-0.06584055,-0.038307227,-9.840169
0.30517578,-2.2583008,-3.3569336,-0.059855044,-0.04309563,-9.837775
0.24414062,-2.2583008,-3.479004,-0.06703765,-0.038307227,-9.837775
0.24414062,-2.2583008,-3.479004,-0.061052144,-0.038307227,-9.838972
0.24414062,-2.319336,-3.4179688,-0.06823475,-0.04189853,-9.832987
0.30517578,-2.319336,-3.3569336,-0.06464344,-0.038307227,-9.844957
0.36621094,-2.2583008,-3.3569336,-0.074220255,-0.033518825,-9.848549
0.30517578,-2.319336,-3.3569336,-0.074220255,-0.038307227,-9.834184
0.24414062,-2.1972656,-3.4179688,-0.073023155,-0.031124622,-9.834184
0.24414062,-2.319336,-3.2958984,-0.06344634,-0.04070143,-9.827001
0.30517578,-2.319336,-3.3569336,-0.05865794,-0.04070143,-9.830592
0.30517578,-2.319336,-3.3569336,-0.06464344,-0.039504327,-9.8437605
0.24414062,-2.319336,-3.3569336,-0.06823475,-0.034715924,-9.832987
0.24414062,-2.2583008,-3.2958984,-0.059855044,-0.035913024,-9.844957
0.18310547,-2.319336,-3.3569336,-0.06584055,-0.04070143,-9.846154
0.24414062,-2.4414062,-3.3569336,-0.06344634,-0.034715924,-9.844957
0.18310547,-2.319336,-3.4179688,-0.06943185,-0.033518825,-9.848549
0.30517578,-2.2583008,-3.4179688,-0.07182605,-0.039504327,-9.846154
0.30517578,-2.1972656,-3.479004,-0.06464344,-0.03232172,-9.849746
0.36621094,-2.319336,-3.3569336,-0.06823475,-0.038307227,-9.842564
0.30517578,-2.319336,-3.3569336,-0.05865794,-0.039504327,-9.844957
0.30517578,-2.2583008,-3.4179688,-0.06823475,-0.04309563,-9.831789
0.30517578,-2.2583008,-3.4179688,-0.06943185,-0.035913024,-9.8437605
0.24414062,-2.319336,-3.3569336,-0.06823475,-0.035913024,-9.838972
0.30517578,-2.2583008,-3.4179688,-0.077811554,-0.03232172,-9.842564
0.36621094,-2.319336,-3.479004,-0.07182605,-0.04189853,-9.825804
0.30517578,-2.319336,-3.4179688,-0.07062895,-0.04189853,-9.831789
0.30517578,-2.319336,-3.2958984,-0.07062895,-0.044292733,-9.835381
0.24414062,-2.319336,-3.2958984,-0.062249243,-0.04070143,-9.836577
0.36621094,-2.319336,-3.4179688,-0.05746084,-0.03232172,-9.841366
0.30517578,-2.1972656,-3.3569336,-0.062249243,-0.029927522,-9.841366
0.24414062,-2.380371,-3.3569336,-0.06703765,-0.035913024,-9.844957
0.36621094,-2.380371,-3.4179688,-0.06464344,-0.033518825,-9.844957
0.30517578,-2.319336,-3.3569336,-0.07182605,-0.04309563,-9.834184
0.30517578,-2.319336,-3.3569336,-0.06823475,-0.04070143,-9.841366
0.30517578,-2.4414062,-3.4179688,-0.06943185,-0.04189853,-9.844957
0.24414062,-2.2583008,-3.3569336,-0.06943185,-0.037110128,-9.836577
0.30517578,-2.2583008,-3.4179688,-0.06584055,-0.02633622,-9.849746
0.30517578,-2.319336,-3.4179688,-0.06584055,-0.039504327,-9.844957
0.24414062,-2.2583008,-3.540039,-0.06703765,-0.029927522,-9.824607
0.30517578,-2.2583008,-3.4179688,-0.06464344,-0.031124622,-9.842564
0.30517578,-2.319336,-3.4179688,-0.06943185,-0.04189853,-9.838972
0.30517578,-2.319336,-3.4179688,-0.05865794,-0.037110128,-9.836577
0.24414062,-2.319336,-3.4179688,-0.062249243,-0.039504327,-9.834184
0.24414062,-2.2583008,-3.3569336,-0.05626374,-0.038307227,-9.835381
0.30517578,-2.319336,-3.479004,-0.06584055,-0.039504327,-9.841366
0.30517578,-2.2583008,-3.4179688,-0.073023155,-0.031124622,-9.849746
0.4272461,-2.319336,-3.4179688,-0.076614454,-0.04309563,-9.836577
0.36621094,-2.319336,-3.479004,-0.07062895,-0.035913024,-9.849746
0.36621094,-2.319336,-3.3569336,-0.06464344,-0.04189853,-9.835381
0.30517578,-2.2583008,-3.3569336,-0.06584055,-0.025139118,-9.837775
0.24414062,-2.319336,-3.4179688,-0.06823475,-0.044292733,-9.832987
0.24414062,-2.1972656,-3.4179688,-0.06823475,-0.04309563,-9.828198
0.30517578,-2.319336,-3.3569336,-0.06823475,-0.04309563,-9.832987
0.30517578,-2.319336,-3.2958984,-0.08140286,-0.035913024,-9.838972
0.24414062,-2.319336,-3.3569336,-0.073023155,-0.04070143,-9.837775
0.24414062,-2.380371,-3.3569336,-0.07062895,-0.029927522,-9.842564
0.36621094,-2.319336,-3.4179688,-0.06703765,-0.04189853,-9.836577
0.36621094,-2.2583008,-3.3569336,-0.06584055,-0.039504327,-9.844957
0.24414062,-2.2583008,-3.3569336,-0.06584055,-0.04309563,-9.827001
0.24414062,-2.319336,-3.3569336,-0.06823475,-0.04189853,-9.838972
0.30517578,-2.2583008,-3.4179688,-0.061052144,-0.04070143,-9.841366
0.30517578,-2.2583008,-3.3569336,-0.06464344,-0.031124622,-9.849746
0.36621094,-2.2583008,-3.4179688,-0.06344634,-0.038307227,-9.841366
0.24414062,-2.1972656,-3.4179688,-0.06464344,-0.035913024,-9.847352
0.24414062,-2.319336,-3.4179688,-0.06703765,-0.038307227,-9.836577
0.30517578,-2.319336,-3.3569336,-0.06584055,-0.03232172,-9.841366
0.30517578,-2.2583008,-3.4179688,-0.07062895,-0.04070143,-9.841366
0.30517578,-2.2583008,-3.479004,-0.073023155,-0.04189853,-9.838972
0.24414062,-2.1972656,-3.479004,-0.06943185,-0.04070143,-9.832987
0.36621094,-2.319336,-3.3569336,-0.073023155,-0.04189853,-9.830592
0.30517578,-2.4414062,-3.3569336,-0.07182605,-0.04189853,-9.834184
0.24414062,-2.319336,-3.3569336,-0.074220255,-0.039504327,-9.837775
0.36621094,-2.319336,-3.4179688,-0.061052144,-0.04189853,-9.844957
0.30517578,-2.2583008,-3.4179688,-0.062249243,-0.033518825,-9.8437605
0.30517578,-2.319336,-3.4179688,-0.05626374,-0.03232172,-9.8437605
0.30517578,-2.1972656,-3.4179688,-0.061052144,-0.02873042,-9.849746
0.30517578,-2.2583008,-3.540039,-0.06584055,-0.029927522,-9.849746
0.30517578,-2.319336,-3.4179688,-0.06823475,-0.035913024,-9.838972
0.30517578,-2.2583008,-3.4179688,-0.06584055,-0.04309563,-9.832987
0.24414062,-2.319336,-3.4179688,-0.06584055,-0.037110128,-9.840169
0.18310547,-2.380371,-3.4179688,-0.06584055,-0.02873042,-9.8437605
0.30517578,-2.2583008,-3.2958984,-0.07182605,-0.038307227,-9.829395
0.24414062,-2.319336,-3.3569336,-0.08379706,-0.04309563,-9.8198185
0.24414062,-2.380371,-3.3569336,-0.075417355,-0.04309563,-9.821015
0.30517578,-2.380371,-3.2958984,-0.06584055,-0.03232172,-9.831789
0.36621094,-2.319336,-3.2958984,-0.06344634,-0.04189853,-9.842564
0.24414062,-2.2583008,-3.3569336,-0.06584055,-0.031124622,-9.849746
0.30517578,-2.319336,-3.2958984,-0.061052144,-0.035913024,-9.849746
0.30517578,-2.380371,-3.2958984,-0.06464344,-0.04309563,-9.831789
0.30517578,-2.319336,-3.4179688,-0.06464344,-0.04189853,-9.831789
0.30517578,-2.2583008,-3.3569336,-0.06464344,-0.04189853,-9.847352
0.30517578,-2.380371,-3.4179688,-0.06943185,-0.039504327,-9.832987
0.24414062,-2.319336,-3.479004,-0.059855044,-0.038307227,-9.830592
0.24414062,-2.319336,-3.4179688,-0.073023155,-0.034715924,-9.846154
0.30517578,-2.2583008,-3.4179688,-0.074220255,-0.033518825,-9.849746
0.24414062,-2.2583008,-3.4179688,-0.06703765,-0.038307227,-9.834184
0.36621094,-2.2583008,-3.4179688,-0.075417355,-0.04309563,-9.832987
0.24414062,-2.1972656,-3.4179688,-0.05626374,-0.039504327,-9.835381
0.24414062,-2.2583008,-3.3569336,-0.06703765,-0.04189853,-9.835381
0.18310547,-2.1972656,-3.3569336,-0.06344634,-0.04189853,-9.837775
0.24414062,-2.319336,-3.2958984,-0.06703765,-0.03232172,-9.848549
0.30517578,-2.319336,-3.4179688,-0.06584055,-0.04070143,-9.848549
0.24414062,-2.319336,-3.479004,-0.06823475,-0.04070143,-9.8437605
0.30517578,-2.380371,-3.479004,-0.06703765,-0.027533319,-9.849746
0.24414062,-2.2583008,-3.540039,-0.06823475,-0.039504327,-9.841366
0.24414062,-2.2583008,-3.4179688,-0.06464344,-0.04309563,-9.834184
0.36621094,-2.4414062,-3.3569336,-0.06464344,-0.039504327,-9.837775
0.30517578,-2.2583008,-3.3569336,-0.06703765,-0.033518825,-9.832987
0.24414062,-2.2583008,-3.479004,-0.06703765,-0.04070143,-9.827001
0.24414062,-2.2583008,-3.4179688,-0.075417355,-0.04309563,-9.828198
0.24414062,-2.319336,-3.3569336,-0.074220255,-0.04189853,-9.829395
0.24414062,-2.2583008,-3.479004,-0.07062895,-0.038307227,-9.844957
0.24414062,-2.319336,-3.3569336,-0.06823475,-0.04070143,-9.831789
0.36621094,-2.319336,-3.4179688,-0.06703765,-0.03232172,-9.841366
0.36621094,-2.319336,-3.4179688,-0.059855044,-0.03232172,-9.8437605
0.36621094,-2.319336,-3.3569336,-0.06344634,-0.04309563,-9.8437605
0.30517578,-2.319336,-3.4179688,-0.075417355,-0.04309563,-9.832987
0.24414062,-2.319336,-3.4179688,-0.06823475,-0.039504327,-9.837775
0.24414062,-2.319336,-3.4179688,-0.073023155,-0.035913024,-9.844957
0.24414062,-2.380371,-3.2958984,-0.06344634,-0.039504327,-9.827001
0.36621094,-2.380371,-3.4179688,-0.07182605,-0.037110128,-9.834184
0.30517578,-2.319336,-3.3569336,-0.06344634,-0.04070143,-9.836577
0.24414062,-2.319336,-3.4179688,-0.07062895,-0.04070143,-9.821015
0.30517578,-2.319336,-3.4179688,-0.062249243,-0.04070143,-9.825804
0.24414062,-2.2583008,-3.4179688,-0.073023155,-0.04070143,-9.828198
0.18310547,-2.319336,-3.4179688,-0.061052144,-0.029927522,-9.841366
0.24414062,-2.380371,-3.3569336,-0.05746084,-0.038307227,-9.837775
0.30517578,-2.2583008,-3.2958984,-0.06823475,-0.035913024,-9.838972
0.30517578,-2.319336,-3.4179688,-0.062249243,-0.037110128,-9.824607
0.24414062,-2.319336,-3.479004,-0.06344634,-0.04070143,-9.835381
0.12207031,-2.2583008,-3.479004,-0.062249243,-0.04070143,-9.838972
0.18310547,-2.319336,-3.479004,-0.06464344,-0.038307227,-9.830592
0.36621094,-2.319336,-3.4179688,-0.06344634,-0.039504327,-9.828198
0.30517578,-2.2583008,-3.479004,-0.077811554,-0.033518825,-9.847352
0.30517578,-2.380371,-3.4179688,-0.06823475,-0.021547815,-9.841366
0.30517578,-2.2583008,-3.4179688,-0.077811554,-0.04189853,-9.838972
0.30517578,-2.2583008,-3.2958984,-0.07062895,-0.039504327,-9.837775
0.18310547,-2.319336,-3.4179688,-0.074220255,-0.04309563,-9.861717
0.30517578,-2.319336,-3.3569336,-0.06943185,-0.04309563,-9.856929
0.24414062,-2.319336,-3.4179688,-0.055066638,-0.039504327,-9.7958765
0.18310547,-2.319336,-3.479004,-0.06584055,-0.02633622,-9.829395
0.24414062,-2.319336,-3.4179688,-0.08020575,-0.022744916,-9.850943
0.30517578,-2.319336,-3.3569336,-0.05746084,-0.04309563,-9.821015
0.30517578,-2.319336,-3.479004,-0.053869538,-0.049081136,-9.818622
0.36621094,-2.2583008,-3.479004,-0.07062895,-0.039504327,-9.838972
0.30517578,-2.2583008,-3.4179688,-0.075417355,-0.04070143,-9.836577
0.30517578,-2.319336,-3.4179688,-0.077811554,-0.035913024,-9.8437605
0.36621094,-2.380371,-3.479004,-0.073023155,-0.04309563,-9.799467
0.36621094,-2.319336,-3.3569336,-0.06344634,-0.038307227,-9.848549
0.24414062,-2.319336,-3.4179688,-0.062249243,-0.035913024,-9.849746
0.30517578,-2.380371,-3.3569336,-0.059855044,-0.04070143,-9.834184
0.30517578,-2.319336,-3.4179688,-0.06464344,-0.04189853,-9.834184
0.30517578,-2.380371,-3.3569336,-0.06823475,-0.044292733,-9.840169
0.30517578,-2.380371,-3.4179688,-0.05746084,-0.04309563,-9.8437605
0.24414062,-2.2583008,-3.3569336,-0.06943185,-0.037110128,-9.849746
0.30517578,-2.319336,-3.3569336,-0.08619126,-0.037110128,-9.82341
0.30517578,-2.319336,-3.4179688,-0.07182605,-0.034715924,-9.847352
0.30517578,-2.380371,-3.3569336,-0.07062895,-0.04309563,-9.825804
0.24414062,-2.1972656,-3.4179688,-0.06943185,-0.044292733,-9.817424
0.30517578,-2.1972656,-3.4179688,-0.062249243,-0.04309563,-9.831789
0.24414062,-2.380371,-3.4179688,-0.08499416,-0.04189853,-9.825804
0.30517578,-2.2583008,-3.479004,-0.075417355,-0.021547815,-9.849746
0.30517578,-2.319336,-3.3569336,-0.06823475,-0.027533319,-9.848549
0.30517578,-2.380371,-3.479004,-0.06584055,-0.04309563,-9.841366
0.30517578,-2.1972656,-3.479004,-0.06584055,-0.04309563,-9.829395
0.24414062,-2.2583008,-3.540039,-0.061052144,-0.04189853,-9.832987
0.24414062,-2.319336,-3.2958984,-0.07062895,-0.04189853,-9.829395
0.12207031,-2.319336,-3.3569336,-0.06344634,-0.04309563,-9.828198
0.18310547,-2.380371,-3.4179688,-0.07062895,-0.04309563,-9.834184
0.24414062,-2.2583008,-3.4179688,-0.06464344,-0.033518825,-9.840169
0.24414062,-2.2583008,-3.479004,-0.07182605,-0.04309563,-9.842564
0.30517578,-2.319336,-3.4179688,-0.075417355,-0.04189853,-9.840169
0.30517578,-2.319336,-3.3569336,-0.06823475,-0.039504327,-9.835381
0.30517578,-2.380371,-3.3569336,-0.062249243,-0.034715924,-9.842564
0.24414062,-2.2583008,-3.4179688,-0.06823475,-0.044292733,-9.840169
0.30517578,-2.319336,-3.3569336,-0.06344634,-0.037110128,-9.832987
0.24414062,-2.319336,-3.3569336,-0.07062895,-0.039504327,-9.832987
0.36621094,-2.319336,-3.4179688,-0.07062895,-0.034715924,-9.846154
0.36621094,-2.380371,-3.3569336,-0.06464344,-0.04189853,-9.838972
0.24414062,-2.2583008,-3.3569336,-0.059855044,-0.035913024,-9.842564
0.18310547,-2.2583008,-3.3569336,-0.06344634,-0.035913024,-9.840169
0.30517578,-2.380371,-3.3569336,-0.07182605,-0.04070143,-9.842564
0.24414062,-2.2583008,-3.479004,-0.07182605,-0.04309563,-9.837775
0.30517578,-2.319336,-3.4179688,-0.06584055,-0.039504327,-9.835381
0.36621094,-2.319336,-3.3569336,-0.06823475,-0.038307227,-9.8437605
0.30517578,-2.319336,-3.3569336,-0.06823475,-0.039504327,-9.840169
0.30517578,-2.2583008,-3.4179688,-0.06823475,-0.035913024,-9.846154
0.4272461,-2.380371,-3.479004,-0.06823475,-0.038307227,-9.834184
0.30517578,-2.319336,-3.4179688,-0.06823475,-0.04189853,-9.827001
0.24414062,-2.319336,-3.4179688,-0.06823475,-0.038307227,-9.840169
0.30517578,-2.319336,-3.4179688,-0.061052144,-0.034715924,-9.827001
0.24414062,-2.380371,-3.3569336,-0.062249243,-0.034715924,-9.844957
0.24414062,-2.2583008,-3.3569336,-0.06344634,-0.04189853,-9.8437605
0.18310547,-2.2583008,-3.4179688,-0.062249243,-0.031124622,-9.8437605
0.30517578,-2.319336,-3.4179688,-0.05746084,-0.038307227,-9.8437605
0.24414062,-2.319336,-3.479004,-0.076614454,-0.039504327,-9.836577
0.30517578,-2.319336,-3.4179688,-0.06584055,-0.039504327,-9.840169
0.30517578,-2.380371,-3.4179688,-0.06703765,-0.034715924,-9.844957
0.18310547,-2.2583008,-3.4179688,-0.06344634,-0.04309563,-9.842564
0.24414062,-2.319336,-3.3569336,-0.06584055,-0.04309563,-9.827001
0.24414062,-2.319336,-3.4179688,-0.061052144,-0.038307227,-9.837775
0.24414062,-2.2583008,-3.3569336,-0.076614454,-0.04070143,-9.847352
0.36621094,-2.2583008,-3.3569336,-0.07182605,-0.03232172,-9.844957
0.36621094,-2.2583008,-3.3569336,-0.059855044,-0.03232172,-9.8437605
0.30517578,-2.2583008,-3.4179688,-0.05746084,-0.03232172,-9.840169
0.30517578,-2.319336,-3.4179688,-0.06703765,-0.04070143,-9.8437605
0.30517578,-2.380371,-3.4179688,-0.06584055,-0.039504327,-9.840169
0.30517578,-2.2583008,-3.4179688,-0.061052144,-0.039504327,-9.834184
0.36621094,-2.2583008,-3.4179688,-0.06943185,-0.04309563,-9.838972
0.24414062,-2.1972656,-3.4179688,-0.07182605,-0.04309563,-9.834184
0.24414062,-2.380371,-3.4179688,-0.07062895,-0.038307227,-9.844957
0.24414062,-2.319336,-3.4179688,-0.07182605,-0.04070143,-9.837775
0.36621094,-2.2583008,-3.479004,-0.06943185,-0.039504327,-9.849746
0.36621094,-2.2583008,-3.4179688,-0.061052144,-0.04070143,-9.842564
0.30517578,-2.319336,-3.4179688,-0.06703765,-0.038307227,-9.846154
0.36621094,-2.380371,-3.4179688,-0.061052144,-0.038307227,-9.846154
0.36621094,-2.1972656,-3.479004,-0.062249243,-0.033518825,-9.846154
0.30517578,-2.2583008,-3.4179688,-0.062249243,-0.035913024,-9.840169
0.30517578,-2.2583008,-3.4179688,-0.06943185,-0.04309563,-9.841366
0.24414062,-2.380371,-3.4179688,-0.06464344,-0.033518825,-9.8437605
0.30517578,-2.2583008,-3.4179688,-0.061052144,-0.039504327,-9.842564
0.30517578,-2.319336,-3.3569336,-0.075417355,-0.04070143,-9.8437605
0.36621094,-2.2583008,-3.479004,-0.073023155,-0.04189853,-9.836577
0.24414062,-2.319336,-3.4179688,-0.06584055,-0.04309563,-9.837775
0.36621094,-2.2583008,-3.3569336,-0.073023155,-0.04309563,-9.846154
0.36621094,-2.319336,-3.4179688,-0.059855044,-0.039504327,-9.838972
0.30517578,-2.319336,-3.4179688,-0.062249243,-0.038307227,-9.844957
0.30517578,-2.319336,-3.4179688,-0.06823475,-0.04189853,-9.842564
0.18310547,-2.319336,-3.479004,-0.055066638,-0.033518825,-9.838972
0.30517578,-2.2583008,-3.4179688,-0.06464344,-0.04309563,-9.829395
0.30517578,-2.319336,-3.4179688,-0.06703765,-0.035913024,-9.844957
0.4272461,-2.319336,-3.4179688,-0.06584055,-0.035913024,-9.832987
0.36621094,-2.1972656,-3.4179688,-0.06584055,-0.037110128,-9.844957
0.24414062,-2.1972656,-3.4179688,-0.06943185,-0.033518825,-9.847352
0.36621094,-2.2583008,-3.3569336,-0.06464344,-0.038307227,-9.829395
0.36621094,-2.319336,-3.2958984,-0.06703765,-0.04309563,-9.840169
0.30517578,-2.319336,-3.479004,-0.075417355,-0.04070143,-9.824607
0.30517578,-2.380371,-3.4179688,-0.06943185,-0.044292733,-9.832987
0.30517578,-2.319336,-3.4179688,-0.06703765,-0.04070143,-9.832987
0.30517578,-2.319336,-3.4179688,-0.059855044,-0.037110128,-9.838972
0.30517578,-2.319336,-3.3569336,-0.06823475,-0.02873042,-9.846154
0.30517578,-2.2583008,-3.4179688,-0.07182605,-0.034715924,-9.849746
0.24414062,-2.380371,-3.479004,-0.055066638,-0.035913024,-9.847352
0.30517578,-2.319336,-3.3569336,-0.07062895,-0.04309563,-9.835381
0.24414062,-2.2583008,-3.479004,-0.05865794,-0.038307227,-9.838972
0.36621094,-2.380371,-3.3569336,-0.06464344,-0.04309563,-9.825804
0.36621094,-2.380371,-3.4179688,-0.075417355,-0.04070143,-9.831789
0.24414062,-2.319336,-3.479004,-0.07182605,-0.037110128,-9.835381
0.24414062,-2.319336,-3.4179688,-0.06703765,-0.03232172,-9.834184
0.30517578,-2.2583008,-3.479004,-0.075417355,-0.031124622,-9.849746
0.36621094,-2.2583008,-3.540039,-0.06703765,-0.039504327,-9.832987
0.36621094,-2.319336,-3.540039,-0.06464344,-0.04070143,-9.836577
0.4272461,-2.2583008,-3.4179688,-0.06584055,-0.04070143,-9.837775
0.30517578,-2.2583008,-3.4179688,-0.05746084,-0.04070143,-9.837775
0.24414062,-2.319336,-3.4179688,-0.061052144,-0.04309563,-9.828198
0.30517578,-2.319336,-3.3569336,-0.06943185,-0.038307227,-9.834184
0.36621094,-2.2583008,-3.3569336,-0.061052144,-0.027533319,-9.8437605
0.24414062,-2.319336,-3.4179688,-0.07062895,-0.037110128,-9.836577
0.24414062,-2.2583008,-3.4179688,-0.06464344,-0.035913024,-9.844957
0.30517578,-2.2583008,-3.4179688,-0.06344634,-0.039504327,-9.842564
0.30517578,-2.2583008,-3.4179688,-0.06584055,-0.044292733,-9.841366
0.30517578,-2.380371,-3.479004,-0.06464344,-0.035913024,-9.849746
0.30517578,-2.319336,-3.4179688,-0.06584055,-0.04189853,-9.844957
0.36621094,-2.319336,-3.3569336,-0.06464344,-0.038307227,-9.834184
0.30517578,-2.2583008,-3.4179688,-0.07182605,-0.04070143,-9.846154
0.30517578,-2.2583008,-3.3569336,-0.06344634,-0.034715924,-9.846154
0.30517578,-2.319336,-3.4179688,-0.06703765,-0.04309563,-9.832987
0.30517578,-2.319336,-3.540039,-0.061052144,-0.039504327,-9.842564
0.30517578,-2.319336,-3.479004,-0.059855044,-0.033518825,-9.842564
0.30517578,-2.1362305,-3.4179688,-0.05865794,-0.037110128,-9.8437605
0.30517578,-2.1972656,-3.4179688,-0.06344634,-0.035913024,-9.838972
0.24414062,-2.2583008,-3.479004,-0.074220255,-0.035913024,-9.849746
0.24414062,-2.2583008,-3.4179688,-0.077811554,-0.04189853,-9.840169
0.30517578,-2.319336,-3.4179688,-0.06584055,-0.038307227,-9.842564
0.24414062,-2.380371,-3.4179688,-0.061052144,-0.04309563,-9.8437605
0.24414062,-2.380371,-3.4179688,-0.059855044,-0.039504327,-9.849746
0.30517578,-2.2583008,-3.4179688,-0.05746084,-0.038307227,-9.848549
0.24414062,-2.380371,-3.4179688,-0.06344634,-0.029927522,-9.849746
0.30517578,-2.319336,-3.479004,-0.061052144,-0.039504327,-9.846154
0.24414062,-2.319336,-3.4179688,-0.06344634,-0.02873042,-9.849746
0.30517578,-2.2583008,-3.4179688,-0.06943185,-0.034715924,-9.8437605
0.30517578,-2.2583008,-3.4179688,-0.06464344,-0.039504327,-9.836577
0.30517578,-2.380371,-3.4179688,-0.07062895,-0.039504327,-9.842564
0.30517578,-2.319336,-3.540039,-0.06464344,-0.04309563,-9.842564
0.36621094,-2.2583008,-3.4179688,-0.06584055,-0.04309563,-9.840169
0.30517578,-2.2583008,-3.3569336,-0.06344634,-0.033518825,-9.849746
0.24414062,-2.319336,-3.4179688,-0.073023155,-0.039504327,-9.8437605
0.30517578,-2.2583008,-3.4179688,-0.07062895,-0.031124622,-9.846154
0.24414062,-2.319336,-3.540039,-0.07062895,-0.025139118,-9.849746
0.24414062,-2.2583008,-3.479004,-0.07062895,-0.04070143,-9.841366
0.24414062,-2.380371,-3.4179688,-0.06344634,-0.04309563,-9.842564
0.36621094,-2.319336,-3.4179688,-0.06464344,-0.04189853,-9.829395
0.30517578,-2.2583008,-3.4179688,-0.073023155,-0.04189853,-9.848549
0.30517578,-2.319336,-3.4179688,-0.073023155,-0.04309563,-9.835381
0.36621094,-2.380371,-3.3569336,-0.06823475,-0.04189853,-9.836577
0.24414062,-2.319336,-3.479004,-0.06464344,-0.034715924,-9.849746
0.24414062,-2.1972656,-3.3569336,-0.07062895,-0.038307227,-9.847352
0.24414062,-2.319336,-3.4179688,-0.07182605,-0.02633622,-9.829395
0.36621094,-2.319336,-3.479004,-0.059855044,-0.029927522,-9.849746
0.36621094,-2.1972656,-3.3569336,-0.06823475,-0.04189853,-9.834184
0.30517578,-2.2583008,-3.3569336,-0.05626374,-0.04070143,-9.844957
0.18310547,-2.319336,-3.4179688,-0.06344634,-0.04189853,-9.844957
0.24414062,-2.319336,-3.4179688,-0.06823475,-0.04309563,-9.841366
0.30517578,-2.2583008,-3.4179688,-0.07062895,-0.04189853,-9.849746
0.18310547,-2.319336,-3.3569336,-0.074220255,-0.029927522,-9.849746
0.30517578,-2.380371,-3.3569336,-0.06703765,-0.031124622,-9.849746
0.30517578,-2.380371,-3.4179688,-0.06464344,-0.034715924,-9.836577
0.30517578,-2.2583008,-3.4179688,-0.06344634,-0.034715924,-9.840169
0.24414062,-2.1972656,-3.540039,-0.06464344,-0.04189853,-9.846154
0.30517578,-2.2583008,-3.4179688,-0.059855044,-0.037110128,-9.846154
0.30517578,-2.2583008,-3.4179688,-0.059855044,-0.04309563,-9.841366
0.36621094,-2.2583008,-3.4179688,-0.07062895,-0.04309563,-9.846154
0.36621094,-2.319336,-3.479004,-0.06464344,-0.038307227,-9.841366
0.36621094,-2.2583008,-3.479004,-0.05865794,-0.031124622,-9.848549
0.18310547,-2.319336,-3.479004,-0.06823475,-0.037110128,-9.834184
0.30517578,-2.380371,-3.4179688,-0.06464344,-0.03232172,-9.849746
0.30517578,-2.319336,-3.4179688,-0.06584055,-0.04309563,-9.835381
0.24414062,-2.319336,-3.4179688,-0.07182605,-0.04309563,-9.829395
0.24414062,-2.319336,-3.4179688,-0.06344634,-0.04309563,-9.841366
0.24414062,-2.2583008,-3.3569336,-0.061052144,-0.04070143,-9.836577
0.30517578,-2.2583008,-3.4179688,-0.06344634,-0.037110128,-9.848549
0.24414062,-2.2583008,-3.4179688,-0.061052144,-0.02873042,-9.828198
0.30517578,-2.319336,-3.479004,-0.06584055,-0.033518825,-9.832987
0.24414062,-2.319336,-3.3569336,-0.05865794,-0.022744916,-9.840169
0.30517578,-2.380371,-3.3569336,-0.05746084,-0.04189853,-9.828198
0.30517578,-2.2583008,-3.4179688,-0.06464344,-0.038307227,-9.844957
0.30517578,-2.319336,-3.4179688,-0.06823475,-0.04189853,-9.837775
0.24414062,-2.319336,-3.4179688,-0.06584055,-0.02873042,-9.849746
0.24414062,-2.2583008,-3.3569336,-0.075417355,-0.04189853,-9.842564
0.36621094,-2.319336,-3.479004,-0.06823475,-0.035913024,-9.849746
0.24414062,-2.2583008,-3.4179688,-0.06703765,-0.04070143,-9.832987
0.24414062,-2.1972656,-3.3569336,-0.06823475,-0.039504327,-9.842564
0.30517578,-2.380371,-3.3569336,-0.06943185,-0.04070143,-9.840169
0.30517578,-2.380371,-3.2958984,-0.061052144,-0.035913024,-9.848549
0.18310547,-2.380371,-3.2348633,-0.062249243,-0.037110128,-9.847352
0.24414062,-2.319336,-3.2348633,-0.06464344,-0.02873042,-9.8437605
0.24414062,-2.380371,-3.3569336,-0.06584055,-0.039504327,-9.834184
0.24414062,-2.319336,-3.4179688,-0.05626374,-0.02873042,-9.840169
0.24414062,-2.380371,-3.3569336,-0.06703765,-0.037110128,-9.829395
0.30517578,-2.319336,-3.2348633,-0.059855044,-0.03232172,-9.838972
0.36621094,-2.319336,-3.2958984,-0.073023155,-0.04309563,-9.827001
0.24414062,-2.380371,-3.2958984,-0.076614454,-0.04309563,-9.849746
0.30517578,-2.319336,-3.2348633,-0.06943185,-0.04070143,-9.830592
0.36621094,-2.319336,-3.3569336,-0.06344634,-0.044292733,-9.816227
0.4272461,-2.319336,-3.2958984,-0.06584055,-0.04189853,-9.830592
0.36621094,-2.380371,-3.2348633,-0.07182605,-0.029927522,-9.832987
0.36621094,-2.319336,-3.2348633,-0.06823475,-0.04309563,-9.834184
0.30517578,-2.380371,-3.2348633,-0.06344634,-0.035913024,-9.830592
0.24414062,-2.380371,-3.3569336,-0.05865794,-0.04070143,-9.835381
0.30517578,-2.2583008,-3.2348633,-0.06703765,-0.04189853,-9.837775
0.24414062,-2.319336,-3.2958984,-0.074220255,-0.035913024,-9.840169
0.24414062,-2.2583008,-3.2348633,-0.07182605,-0.038307227,-9.846154
0.30517578,-2.4414062,-3.3569336,-0.062249243,-0.039504327,-9.830592
0.24414062,-2.4414062,-3.2958984,-0.059855044,-0.04070143,-9.827001
0.24414062,-2.319336,-3.3569336,-0.07062895,-0.04309563,-9.8437605
0.30517578,-2.319336,-3.2348633,-0.06823475,-0.04189853,-9.842564
0.30517578,-2.319336,-3.2348633,-0.073023155,-0.039504327,-9.837775
0.24414062,-2.2583008,-3.2958984,-0.076614454,-0.044292733,-9.82341
0.24414062,-2.2583008,-3.2958984,-0.07062895,-0.04189853,-9.822212
0.30517578,-2.319336,-3.2348633,-0.06703765,-0.04309563,-9.835381
0.24414062,-2.380371,-3.3569336,-0.076614454,-0.04309563,-9.829395
0.30517578,-2.319336,-3.2348633,-0.061052144,-0.039504327,-9.847352
0.30517578,-2.319336,-3.2958984,-0.06943185,-0.034715924,-9.846154
0.30517578,-2.1972656,-3.2958984,-0.06464344,-0.039504327,-9.837775
0.30517578,-2.380371,-3.2348633,-0.076614454,-0.039504327,-9.847352
0.30517578,-2.319336,-3.2958984,-0.073023155,-0.04070143,-9.840169
0.18310547,-2.380371,-3.2958984,-0.07062895,-0.04309563,-9.834184
0.30517578,-2.2583008,-3.3569336,-0.06464344,-0.035913024,-9.848549
0.24414062,-2.319336,-3.3569336,-0.073023155,-0.04309563,-9.831789
0.24414062,-2.380371,-3.2958984,-0.06584055,-0.04309563,-9.832987
0.18310547,-2.319336,-3.3569336,-0.06344634,-0.038307227,-9.832987
0.30517578,-2.2583008,-3.2348633,-0.06584055,-0.04070143,-9.831789
0.24414062,-2.319336,-3.3569336,-0.06703765,-0.035913024,-9.842564
0.30517578,-2.380371,-3.4179688,-0.062249243,-0.04189853,-9.838972
0.36621094,-2.4414062,-3.3569336,-0.06584055,-0.044292733,-9.834184
0.36621094,-2.380371,-3.2958984,-0.06464344,-0.044292733,-9.840169
0.4272461,-2.319336,-3.3569336,-0.06823475,-0.04309563,-9.841366
0.24414062,-2.380371,-3.3569336,-0.05865794,-0.033518825,-9.835381
0.30517578,-2.380371,-3.3569336,-0.062249243,-0.031124622,-9.841366
0.24414062,-2.319336,-3.2348633,-0.06464344,-0.027533319,-9.849746
0.24414062,-2.319336,-3.3569336,-0.077811554,-0.04309563,-9.82341
0.36621094,-2.319336,-3.4179688,-0.07182605,-0.04070143,-9.835381
0.30517578,-2.2583008,-3.3569336,-0.06464344,-0.04189853,-9.834184
0.24414062,-2.1972656,-3.3569336,-0.07062895,-0.037110128,-9.849746
0.30517578,-2.319336,-3.479004,-0.06584055,-0.039504327,-9.837775
0.18310547,-2.2583008,-3.479004,-0.07182605,-0.039504327,-9.822212
0.24414062,-2.2583008,-3.4179688,-0.073023155,-0.031124622,-9.846154
0.30517578,-2.2583008,-3.4179688,-0.07062895,-0.033518825,-9.8437605
0.18310547,-2.2583008,-3.3569336,-0.059855044,-0.031124622,-9.832987
0.24414062,-2.2583008,-3.4179688,-0.06943185,-0.04309563,-9.821015
0.30517578,-2.319336,-3.4179688,-0.06943185,-0.044292733,-9.8198185
0.24414062,-2.2583008,-3.4179688,-0.06584055,-0.04189853,-9.831789
0.24414062,-2.319336,-3.479004,-0.06464344,-0.04309563,-9.827001
0.30517578,-2.2583008,-3.479004,-0.07182605,-0.035913024,-9.825804
0.24414062,-2.1362305,-3.479004,-0.06703765,-0.035913024,-9.836577
0.24414062,-2.380371,-3.4179688,-0.073023155,-0.04309563,-9.810242
0.30517578,-2.380371,-3.4179688,-0.073023155,-0.035913024,-9.831789
0.30517578,-2.2583008,-3.3569336,-0.076614454,-0.044292733,-9.829395
0.24414062,-2.2583008,-3.3569336,-0.06464344,-0.04070143,-9.827001
0.24414062,-2.1972656,-3.3569336,-0.077811554,-0.04070143,-9.8437605
0.36621094,-2.2583008,-3.3569336,-0.06344634,-0.04309563,-9.831789
0.30517578,-2.380371,-3.4179688,-0.059855044,-0.02873042,-9.835381
0.36621094,-2.2583008,-3.4179688,-0.077811554,-0.035913024,-9.8437605
0.30517578,-2.2583008,-3.479004,-0.06344634,-0.038307227,-9.825804
0.36621094,-2.319336,-3.4179688,-0.06703765,-0.04070143,-9.827001
0.36621094,-2.2583008,-3.4179688,-0.06823475,-0.04189853,-9.825804
0.36621094,-2.1972656,-3.3569336,-0.07182605,-0.04189853,-9.82341
0.36621094,-2.1972656,-3.479004,-0.08020575,-0.04309563,-9.813833
0.36621094,-2.319336,-3.479004,-0.073023155,-0.04309563,-9.828198
0.30517578,-2.1972656,-3.4179688,-0.06703765,-0.04070143,-9.825804
0.30517578,-2.1972656,-3.479004,-0.074220255,-0.04309563,-9.821015
0.30517578,-2.319336,-3.4179688,-0.059855044,-0.037110128,-9.835381
0.36621094,-2.319336,-3.4179688,-0.073023155,-0.04309563,-9.830592
0.24414062,-2.2583008,-3.3569336,-0.077811554,-0.04309563,-9.828198
0.24414062,-2.319336,-3.479004,-0.07182605,-0.04309563,-9.828198
0.24414062,-2.1972656,-3.4179688,-0.07062895,-0.04309563,-9.825804
0.24414062,-2.1972656,-3.4179688,-0.06943185,-0.029927522,-9.8437605
0.24414062,-2.319336,-3.3569336,-0.07062895,-0.025139118,-9.846154
0.24414062,-2.2583008,-3.3569336,-0.06703765,-0.04070143,-9.834184
0.30517578,-2.4414062,-3.3569336,-0.06464344,-0.04309563,-9.828198
0.24414062,-2.319336,-3.4179688,-0.07182605,-0.04309563,-9.803059
0.30517578,-2.2583008,-3.4179688,-0.06584055,-0.04309563,-9.816227
0.24414062,-2.2583008,-3.4179688,-0.06703765,-0.04309563,-9.82341
0.24414062,-2.319336,-3.4179688,-0.059855044,-0.038307227,-9.830592
0.30517578,-2.319336,-3.4179688,-0.062249243,-0.04189853,-9.829395
0.30517578,-2.2583008,-3.479004,-0.074220255,-0.04309563,-9.824607
0.24414062,-2.2583008,-3.4179688,-0.076614454,-0.04309563,-9.827001
0.30517578,-2.319336,-3.3569336,-0.074220255,-0.04309563,-9.822212
0.36621094,-2.2583008,-3.4179688,-0.06943185,-0.033518825,-9.824607
0.36621094,-2.380371,-3.4179688,-0.079008654,-0.04309563,-9.812635
0.30517578,-2.319336,-3.2958984,-0.06823475,-0.038307227,-9.824607
0.24414062,-2.2583008,-3.3569336,-0.06823475,-0.031124622,-9.848549
0.30517578,-2.2583008,-3.3569336,-0.07062895,-0.02873042,-9.842564
0.24414062,-2.2583008,-3.3569336,-0.077811554,-0.044292733,-9.791088
0.36621094,-2.380371,-3.4179688,-0.055066638,-0.045489833,-9.818622
0.30517578,-2.1972656,-3.4179688,-0.06464344,-0.04189853,-9.813833
0.30517578,-2.1972656,-3.3569336,-0.076614454,-0.027533319,-9.849746
0.30517578,-2.2583008,-3.3569336,-0.08619126,-0.025139118,-9.8437605
0.4272461,-2.2583008,-3.3569336,-0.07182605,-0.027533319,-9.8437605
0.30517578,-2.2583008,-3.3569336,-0.06823475,-0.04309563,-9.797073
0.30517578,-2.319336,-3.4179688,-0.053869538,-0.049081136,-9.830592
0.24414062,-2.2583008,-3.3569336,-0.062249243,-0.046686932,-9.818622
0.24414062,-2.319336,-3.4179688,-0.07182605,-0.04309563,-9.832987
0.36621094,-2.2583008,-3.3569336,-0.06823475,-0.037110128,-9.825804
0.36621094,-2.319336,-3.3569336,-0.06584055,-0.034715924,-9.838972
0.30517578,-2.319336,-3.4179688,-0.06464344,-0.038307227,-9.830592
0.24414062,-2.2583008,-3.4179688,-0.093373865,-0.039504327,-9.811439
0.24414062,-2.2583008,-3.4179688,-0.08499416,-0.04309563,-9.817424
0.24414062,-2.2583008,-3.479004,-0.075417355,-0.044292733,-9.81503
0.24414062,-2.2583008,-3.479004,-0.06464344,-0.044292733,-9.821015
0.24414062,-2.2583008,-3.4179688,-0.061052144,-0.044292733,-9.829395
0.18310547,-2.2583008,-3.4179688,-0.07062895,-0.033518825,-9.831789
0.24414062,-2.319336,-3.4179688,-0.077811554,-0.025139118,-9.831789
0.30517578,-2.2583008,-3.4179688,-0.079008654,-0.035913024,-9.841366
0.24414062,-2.2583008,-3.479004,-0.06344634,-0.04189853,-9.824607
0.36621094,-2.319336,-3.479004,-0.05267244,-0.037110128,-9.825804
0.24414062,-2.2583008,-3.479004,-0.061052144,-0.038307227,-9.830592
0.30517578,-2.1972656,-3.479004,-0.06943185,-0.04070143,-9.832987
0.36621094,-2.380371,-3.479004,-0.06703765,-0.035913024,-9.838972
0.24414062,-2.319336,-3.4179688,-0.074220255,-0.04309563,-9.812635
0.24414062,-2.2583008,-3.3569336,-0.073023155,-0.04309563,-9.821015
0.30517578,-2.319336,-3.4179688,-0.06584055,-0.035913024,-9.8437605
0.30517578,-2.2583008,-3.479004,-0.06464344,-0.037110128,-9.834184
0.30517578,-2.2583008,-3.479004,-0.077811554,-0.04309563,-9.816227
0.24414062,-2.380371,-3.4179688,-0.062249243,-0.04189853,-9.824607
0.30517578,-2.380371,-3.479004,-0.059855044,-0.04189853,-9.825804
0.30517578,-2.319336,-3.479004,-0.06823475,-0.037110128,-9.834184
0.24414062,-2.2583008,-3.540039,-0.076614454,-0.04189853,-9.827001
0.24414062,-2.2583008,-3.479004,-0.08379706,-0.04189853,-9.824607
0.18310547,-2.2583008,-3.4179688,-0.075417355,-0.038307227,-9.840169
0.30517578,-2.2583008,-3.479004,-0.06344634,-0.044292733,-9.829395
0.36621094,-2.319336,-3.4179688,-0.06344634,-0.033518825,-9.835381
0.30517578,-2.1972656,-3.4179688,-0.074220255,-0.04309563,-9.824607
0.30517578,-2.2583008,-3.540039,-0.06584055,-0.034715924,-9.82341
0.36621094,-2.319336,-3.4179688,-0.07062895,-0.038307227,-9.841366
0.18310547,-2.319336,-3.4179688,-0.05626374,-0.039504327,-9.840169
0.18310547,-2.2583008,-3.4179688,-0.07062895,-0.04309563,-9.828198
0.30517578,-2.319336,-3.4179688,-0.073023155,-0.04309563,-9.836577
0.30517578,-2.319336,-3.4179688,-0.07182605,-0.04189853,-9.828198
0.30517578,-2.319336,-3.3569336,-0.075417355,-0.04309563,-9.831789
0.30517578,-2.2583008,-3.4179688,-0.06464344,-0.04309563,-9.829395
0.36621094,-2.2583008,-3.4179688,-0.074220255,-0.04189853,-9.8437605
0.24414062,-2.1972656,-3.2958984,-0.07182605,-0.020350715,-9.849746
0.30517578,-2.380371,-3.3569336,-0.06344634,-0.02873042,-9.849746
0.24414062,-2.380371,-3.2958984,-0.06584055,-0.035913024,-9.848549
0.24414062,-2.2583008,-3.4179688,-0.05746084,-0.04309563,-9.828198
0.30517578,-2.1972656,-3.3569336,-0.061052144,-0.04189853,-9.829395
0.30517578,-2.319336,-3.4179688,-0.06703765,-0.04070143,-9.841366
0.24414062,-2.2583008,-3.4179688,-0.075417355,-0.04189853,-9.834184
0.24414062,-2.2583008,-3.4179688,-0.06943185,-0.04309563,-9.830592
0.18310547,-2.319336,-3.479004,-0.074220255,-0.04070143,-9.848549
0.24414062,-2.319336,-3.4179688,-0.079008654,-0.037110128,-9.841366
0.30517578,-2.2583008,-3.4179688,-0.07182605,-0.04189853,-9.825804
0.36621094,-2.2583008,-3.4179688,-0.076614454,-0.039504327,-9.830592
0.24414062,-2.319336,-3.3569336,-0.05865794,-0.037110128,-9.827001
0.30517578,-2.2583008,-3.4179688,-0.055066638,-0.04070143,-9.828198
0.36621094,-2.319336,-3.4179688,-0.073023155,-0.039504327,-9.838972
0.36621094,-2.319336,-3.4179688,-0.06703765,-0.04070143,-9.832987
0.30517578,-2.2583008,-3.479004,-0.07062895,-0.04070143,-9.840169
0.18310547,-2.2583008,-3.479004,-0.06344634,-0.039504327,-9.829395
0.30517578,-2.319336,-3.4179688,-0.062249243,-0.039504327,-9.831789
0.24414062,-2.2583008,-3.479004,-0.06464344,-0.04070143,-9.835381
0.30517578,-2.2583008,-3.4179688,-0.06823475,-0.039504327,-9.844957
0.30517578,-2.2583008,-3.479004,-0.073023155,-0.04309563,-9.840169
0.30517578,-2.2583008,-3.479004,-0.076614454,-0.04189853,-9.841366
0.30517578,-2.319336,-3.4179688,-0.075417355,-0.04309563,-9.824607
0.24414062,-2.1972656,-3.479004,-0.08140286,-0.044292733,-9.818622
0.30517578,-2.2583008,-3.479004,-0.06703765,-0.04070143,-9.840169
0.24414062,-2.2583008,-3.4179688,-0.05865794,-0.034715924,-9.838972
0.24414062,-2.2583008,-3.4179688,-0.062249243,-0.035913024,-9.848549
0.24414062,-2.2583008,-3.479004,-0.05626374,-0.034715924,-9.844957
0.24414062,-2.1972656,-3.479004,-0.05865794,-0.033518825,-9.847352
0.24414062,-2.319336,-3.3569336,-0.06464344,-0.035913024,-9.842564
0.24414062,-2.319336,-3.4179688,-0.06464344,-0.04070143,-9.828198
0.24414062,-2.319336,-3.4179688,-0.061052144,-0.039504327,-9.848549
0.30517578,-2.2583008,-3.3569336,-0.07062895,-0.04189853,-9.832987
0.30517578,-2.2583008,-3.4179688,-0.07062895,-0.04309563,-9.824607
0.30517578,-2.2583008,-3.4179688,-0.076614454,-0.037110128,-9.849746
0.36621094,-2.380371,-3.479004,-0.06823475,-0.02633622,-9.841366
0.30517578,-2.319336,-3.4179688,-0.06464344,-0.037110128,-9.841366
0.36621094,-2.319336,-3.4179688,-0.06464344,-0.037110128,-9.841366
0.30517578,-2.319336,-3.479004,-0.073023155,-0.04189853,-9.835381
0.36621094,-2.2583008,-3.4179688,-0.06344634,-0.033518825,-9.836577
0.36621094,-2.1972656,-3.4179688,-0.06464344,-0.034715924,-9.825804
0.36621094,-2.319336,-3.479004,-0.06823475,-0.04309563,-9.8198185
0.36621094,-2.319336,-3.479004,-0.07182605,-0.04309563,-9.837775
0.30517578,-2.380371,-3.3569336,-0.06943185,-0.03232172,-9.847352
0.30517578,-2.380371,-3.2958984,-0.074220255,-0.04309563,-9.838972
0.24414062,-2.319336,-3.4179688,-0.06703765,-0.038307227,-9.847352
0.24414062,-2.319336,-3.3569336,-0.073023155,-0.038307227,-9.830592
0.24414062,-2.319336,-3.4179688,-0.06464344,-0.037110128,-9.835381
0.30517578,-2.380371,-3.4179688,-0.06823475,-0.033518825,-9.8437605
0.24414062,-2.319336,-3.3569336,-0.06943185,-0.02633622,-9.849746
0.30517578,-2.2583008,-3.4179688,-0.05865794,-0.039504327,-9.849746
0.30517578,-2.2583008,-3.4179688,-0.05746084,-0.023942016,-9.838972
0.30517578,-2.1972656,-3.4179688,-0.06823475,-0.04070143,-9.821015
0.30517578,-2.2583008,-3.3569336,-0.074220255,-0.04309563,-9.832987
0.30517578,-2.319336,-3.4179688,-0.07182605,-0.037110128,-9.830592
0.24414062,-2.380371,-3.3569336,-0.062249243,-0.04309563,-9.825804
0.30517578,-2.2583008,-3.4179688,-0.07062895,-0.04309563,-9.836577
0.18310547,-2.2583008,-3.479004,-0.07062895,-0.04189853,-9.830592
0.24414062,-2.2583008,-3.479004,-0.07062895,-0.04309563,-9.828198
0.30517578,-2.319336,-3.4179688,-0.06943185,-0.04189853,-9.830592
0.30517578,-2.2583008,-3.4179688,-0.06584055,-0.035913024,-9.828198
0.30517578,-2.2583008,-3.479004,-0.061052144,-0.034715924,-9.838972
0.30517578,-2.1972656,-3.4179688,-0.059855044,-0.02633622,-9.842564
0.18310547,-2.319336,-3.3569336,-0.06703765,-0.03232172,-9.846154
0.18310547,-2.319336,-3.4179688,-0.061052144,-0.035913024,-9.82341
0.30517578,-2.319336,-3.3569336,-0.05746084,-0.034715924,-9.846154
0.36621094,-2.4414062,-3.3569336,-0.06584055,-0.04309563,-9.824607
0.30517578,-2.2583008,-3.3569336,-0.06943185,-0.04309563,-9.8198185
0.24414062,-2.2583008,-3.4179688,-0.076614454,-0.03232172,-9.832987
0.30517578,-2.319336,-3.3569336,-0.06584055,-0.04189853,-9.835381
0.30517578,-2.380371,-3.4179688,-0.07062895,-0.038307227,-9.835381
0.24414062,-2.319336,-3.4179688,-0.07182605,-0.038307227,-9.841366
0.24414062,-2.319336,-3.4179688,-0.06943185,-0.04309563,-9.811439
0.24414062,-2.380371,-3.4179688,-0.062249243,-0.035913024,-9.825804
0.24414062,-2.2583008,-3.3569336,-0.062249243,-0.038307227,-9.846154
0.24414062,-2.2583008,-3.479004,-0.06584055,-0.04309563,-9.832987
0.24414062,-2.2583008,-3.4179688,-0.06464344,-0.037110128,-9.829395
0.4272461,-2.2583008,-3.2958984,-0.07062895,-0.038307227,-9.841366
0.36621094,-2.2583008,-3.4179688,-0.076614454,-0.04309563,-9.822212
0.30517578,-2.2583008,-3.3569336,-0.076614454,-0.04309563,-9.829395
0.24414062,-2.2583008,-3.3569336,-0.07182605,-0.037110128,-9.831789
0.24414062,-2.319336,-3.479004,-0.076614454,-0.044292733,-9.828198
0.24414062,-2.2583008,-3.4179688,-0.06943185,-0.04070143,-9.827001
0.24414062,-2.319336,-3.4179688,-0.06344634,-0.04070143,-9.838972
0.36621094,-2.319336,-3.3569336,-0.06584055,-0.029927522,-9.847352
0.30517578,-2.1972656,-3.4179688,-0.062249243,-0.039504327,-9.835381
0.30517578,-2.2583008,-3.479004,-0.07182605,-0.04189853,-9.824607
0.30517578,-2.319336,-3.479004,-0.05865794,-0.035913024,-9.837775
0.36621094,-2.4414062,-3.3569336,-0.059855044,-0.04070143,-9.829395
0.36621094,-2.319336,-3.4179688,-0.06943185,-0.04309563,-9.829395
0.30517578,-2.319336,-3.4179688,-0.07062895,-0.04309563,-9.836577
0.36621094,-2.1972656,-3.479004,-0.062249243,-0.034715924,-9.828198
0.30517578,-2.2583008,-3.4179688,-0.075417355,-0.04309563,-9.834184
0.30517578,-2.2583008,-3.4179688,-0.06464344,-0.035913024,-9.840169
0.30517578,-2.319336,-3.4179688,-0.062249243,-0.035913024,-9.849746
0.30517578,-2.380371,-3.3569336,-0.05865794,-0.038307227,-9.841366
0.36621094,-2.319336,-3.3569336,-0.059855044,-0.038307227,-9.846154
0.30517578,-2.319336,-3.4179688,-0.061052144,-0.04070143,-9.835381
0.30517578,-2.319336,-3.4179688,-0.06823475,-0.04309563,-9.835381
0.24414062,-2.319336,-3.4179688,-0.06344634,-0.037110128,-9.844957
0.24414062,-2.2583008,-3.479004,-0.061052144,-0.04070143,-9.836577
0.24414062,-2.2583008,-3.3569336,-0.06943185,-0.04189853,-9.837775
0.18310547,-2.2583008,-3.2958984,-0.07062895,-0.031124622,-9.849746
0.18310547,-2.319336,-3.479004,-0.06464344,-0.04070143,-9.8437605
0.30517578,-2.2583008,-3.4179688,-0.06943185,-0.04309563,-9.827001
0.24414062,-2.319336,-3.3569336,-0.06943185,-0.04309563,-9.830592
0.24414062,-2.319336,-3.4179688,-0.061052144,-0.039504327,-9.836577
0.36621094,-2.319336,-3.479004,-0.06344634,-0.04189853,-9.837775
0.30517578,-2.1972656,-3.4179688,-0.061052144,-0.034715924,-9.842564
0.30517578,-2.2583008,-3.4179688,-0.06943185,-0.04189853,-9.841366
0.30517578,-2.319336,-3.4179688,-0.06464344,-0.04189853,-9.837775
0.36621094,-2.319336,-3.3569336,-0.06584055,-0.035913024,-9.848549
0.30517578,-2.319336,-3.3569336,-0.06344634,-0.038307227,-9.828198
0.36621094,-2.319336,-3.3569336,-0.061052144,-0.035913024,-9.841366
0.30517578,-2.4414062,-3.3569336,-0.073023155,-0.04309563,-9.837775
0.24414062,-2.319336,-3.3569336,-0.074220255,-0.04309563,-9.837775
0.30517578,-2.319336,-3.479004,-0.06344634,-0.04309563,-9.824607
0.30517578,-2.319336,-3.3569336,-0.08140286,-0.044292733,-9.828198
0.30517578,-2.2583008,-3.3569336,-0.06584055,-0.04070143,-9.847352
0.18310547,-2.1972656,-3.479004,-0.07062895,-0.04070143,-9.837775
0.30517578,-2.319336,-3.540039,-0.059855044,-0.039504327,-9.834184
0.24414062,-2.319336,-3.4179688,-0.073023155,-0.03232172,-9.844957
0.30517578,-2.2583008,-3.4179688,-0.077811554,-0.04309563,-9.834184
0.30517578,-2.319336,-3.3569336,-0.06823475,-0.04309563,-9.824607
0.30517578,-2.319336,-3.4179688,-0.06464344,-0.04189853,-9.828198
0.30517578,-2.380371,-3.479004,-0.05865794,-0.039504327,-9.838972
0.24414062,-2.380371,-3.4179688,-0.08259996,-0.044292733,-9.827001
0.30517578,-2.319336,-3.4179688,-0.06943185,-0.04309563,-9.822212
0.30517578,-2.1972656,-3.4179688,-0.077811554,-0.04189853,-9.836577
0.30517578,-2.2583008,-3.3569336,-0.073023155,-0.04309563,-9.840169
0.24414062,-2.2583008,-3.4179688,-0.05865794,-0.04189853,-9.849746
0.30517578,-2.319336,-3.3569336,-0.05865794,-0.034715924,-9.834184
0.30517578,-2.319336,-3.3569336,-0.05865794,-0.035913024,-9.847352
0.24414062,-2.319336,-3.3569336,-0.06464344,-0.035913024,-9.825804
0.30517578,-2.319336,-3.4179688,-0.06584055,-0.035913024,-9.840169
0.24414062,-2.2583008,-3.479004,-0.077811554,-0.04309563,-9.816227
0.18310547,-2.2583008,-3.4179688,-0.061052144,-0.04070143,-9.830592
0.24414062,-2.2583008,-3.4179688,-0.06823475,-0.04309563,-9.824607
0.36621094,-2.2583008,-3.3569336,-0.06464344,-0.03232172,-9.835381
0.36621094,-2.2583008,-3.479004,-0.06943185,-0.04070143,-9.838972
0.30517578,-2.319336,-3.4179688,-0.06823475,-0.04309563,-9.831789
0.30517578,-2.319336,-3.4179688,-0.077811554,-0.04309563,-9.82341
0.36621094,-2.319336,-3.4179688,-0.06943185,-0.038307227,-9.82341
0.24414062,-2.319336,-3.3569336,-0.06584055,-0.04189853,-9.825804
0.30517578,-2.319336,-3.2958984,-0.06823475,-0.039504327,-9.842564
0.30517578,-2.319336,-3.3569336,-0.062249243,-0.02633622,-9.828198
0.18310547,-2.1972656,-3.4179688,-0.07182605,-0.04309563,-9.818622
0.24414062,-2.2583008,-3.3569336,-0.06584055,-0.035913024,-9.827001
0.30517578,-2.2583008,-3.479004,-0.06943185,-0.035913024,-9.8437605
0.30517578,-2.319336,-3.479004,-0.06823475,-0.034715924,-9.842564
0.30517578,-2.319336,-3.479004,-0.061052144,-0.039504327,-9.825804
0.36621094,-2.319336,-3.479004,-0.06823475,-0.04189853,-9.837775
0.30517578,-2.2583008,-3.4179688,-0.076614454,-0.04309563,-9.838972
0.24414062,-2.319336,-3.3569336,-0.074220255,-0.04189853,-9.840169
0.4272461,-2.319336,-3.3569336,-0.062249243,-0.035913024,-9.830592
0.36621094,-2.2583008,-3.4179688,-0.06584055,-0.037110128,-9.827001
0.4272461,-2.2583008,-3.4179688,-0.062249243,-0.035913024,-9.828198
0.30517578,-2.319336,-3.4179688,-0.06464344,-0.039504327,-9.840169
0.18310547,-2.380371,-3.3569336,-0.074220255,-0.04189853,-9.830592
0.24414062,-2.380371,-3.4179688,-0.06464344,-0.035913024,-9.8437605
0.24414062,-2.2583008,-3.4179688,-0.06823475,-0.04189853,-9.832987
0.36621094,-2.319336,-3.4179688,-0.06703765,-0.039504327,-9.831789
0.30517578,-2.380371,-3.3569336,-0.06823475,-0.04070143,-9.831789
0.24414062,-2.319336,-3.3569336,-0.062249243,-0.034715924,-9.836577
0.36621094,-2.380371,-3.4179688,-0.06344634,-0.038307227,-9.848549
0.24414062,-2.319336,-3.4179688,-0.074220255,-0.04309563,-9.838972
0.30517578,-2.380371,-3.3569336,-0.075417355,-0.044292733,-9.828198
0.30517578,-2.4414062,-3.4179688,-0.062249243,-0.04309563,-9.837775
0.30517578,-2.319336,-3.4179688,-0.074220255,-0.04070143,-9.840169
0.18310547,-2.2583008,-3.4179688,-0.06584055,-0.04070143,-9.842564
0.30517578,-2.319336,-3.4179688,-0.062249243,-0.035913024,-9.846154
0.30517578,-2.319336,-3.3569336,-0.05865794,-0.039504327,-9.846154
0.36621094,-2.319336,-3.3569336,-0.06464344,-0.04189853,-9.832987
0.24414062,-2.319336,-3.4179688,-0.06823475,-0.038307227,-9.827001
0.30517578,-2.2583008,-3.3569336,-0.06584055,-0.038307227,-9.831789
0.30517578,-2.2583008,-3.3569336,-0.06703765,-0.04070143,-9.849746
0.30517578,-2.319336,-3.4179688,-0.06584055,-0.04309563,-9.835381
0.30517578,-2.380371,-3.4179688,-0.06823475,-0.02873042,-9.837775
0.30517578,-2.319336,-3.4179688,-0.08140286,-0.039504327,-9.838972
0.30517578,-2.319336,-3.4179688,-0.06464344,-0.035913024,-9.830592
0.30517578,-2.380371,-3.3569336,-0.06584055,-0.033518825,-9.837775
0.36621094,-2.319336,-3.4179688,-0.06584055,-0.04189853,-9.835381
0.24414062,-2.2583008,-3.479004,-0.06823475,-0.04309563,-9.842564
0.36621094,-2.319336,-3.4179688,-0.062249243,-0.04070143,-9.841366
0.30517578,-2.2583008,-3.4179688,-0.06823475,-0.038307227,-9.836577
0.18310547,-2.2583008,-3.4179688,-0.073023155,-0.04309563,-9.832987
0.24414062,-2.319336,-3.4179688,-0.07182605,-0.04309563,-9.842564
0.24414062,-2.319336,-3.4179688,-0.06344634,-0.039504327,-9.8437605
0.30517578,-2.2583008,-3.2958984,-0.06584055,-0.04309563,-9.835381
0.36621094,-2.319336,-3.3569336,-0.06823475,-0.04189853,-9.838972
0.30517578,-2.380371,-3.4179688,-0.061052144,-0.039504327,-9.846154
0.18310547,-2.319336,-3.4179688,-0.073023155,-0.04309563,-9.841366
0.24414062,-2.380371,-3.3569336,-0.07062895,-0.04309563,-9.834184
0.36621094,-2.319336,-3.4179688,-0.07062895,-0.035913024,-9.841366
0.24414062,-2.319336,-3.479004,-0.06703765,-0.04070143,-9.842564
0.24414062,-2.319336,-3.479004,-0.05865794,-0.038307227,-9.836577
0.30517578,-2.319336,-3.2958984,-0.073023155,-0.04309563,-9.846154
0.30517578,-2.2583008,-3.3569336,-0.061052144,-0.038307227,-9.841366
0.30517578,-2.1972656,-3.3569336,-0.07182605,-0.04309563,-9.834184
0.36621094,-2.380371,-3.3569336,-0.06344634,-0.02633622,-9.848549
0.24414062,-2.2583008,-3.4179688,-0.06464344,-0.038307227,-9.8437605
0.30517578,-2.2583008,-3.3569336,-0.07062895,-0.04070143,-9.840169
0.24414062,-2.380371,-3.2958984,-0.06703765,-0.039504327,-9.848549
0.30517578,-2.2583008,-3.4179688,-0.07062895,-0.037110128,-9.846154
0.36621094,-2.2583008,-3.3569336,-0.075417355,-0.022744916,-9.828198
0.24414062,-2.319336,-3.4179688,-0.06943185,-0.04309563,-9.836577
0.30517578,-2.319336,-3.4179688,-0.07062895,-0.04309563,-9.827001
0.24414062,-2.2583008,-3.4179688,-0.061052144,-0.04070143,-9.842564
0.24414062,-2.319336,-3.4179688,-0.06464344,-0.044292733,-9.835381
0.30517578,-2.319336,-3.479004,-0.06464344,-0.034715924,-9.835381
0.30517578,-2.380371,-3.3569336,-0.06584055,-0.034715924,-9.836577
0.4272461,-2.380371,-3.3569336,-0.062249243,-0.038307227,-9.827001
0.36621094,-2.319336,-3.3569336,-0.079008654,-0.035913024,-9.847352
0.30517578,-2.380371,-3.3569336,-0.06464344,-0.023942016,-9.849746
0.30517578,-2.319336,-3.540039,-0.06584055,-0.04189853,-9.836577
0.30517578,-2.2583008,-3.4179688,-0.073023155,-0.04309563,-9.840169
0.24414062,-2.319336,-3.4179688,-0.07062895,-0.044292733,-9.834184
0.30517578,-2.2583008,-3.3569336,-0.076614454,-0.044292733,-9.831789
0.24414062,-2.319336,-3.3569336,-0.06464344,-0.035913024,-9.8437605
0.36621094,-2.319336,-3.3569336,-0.07062895,-0.034715924,-9.849746
0.36621094,-2.319336,-3.3569336,-0.06344634,-0.031124622,-9.842564
0.30517578,-2.319336,-3.4179688,-0.06584055,-0.04189853,-9.844957
0.36621094,-2.380371,-3.3569336,-0.061052144,-0.04070143,-9.831789
0.30517578,-2.319336,-3.3569336,-0.062249243,-0.031124622,-9.846154
0.30517578,-2.1972656,-3.4179688,-0.062249243,-0.04189853,-9.831789
0.30517578,-2.319336,-3.4179688,-0.07062895,-0.04309563,-9.841366
0.30517578,-2.2583008,-3.3569336,-0.06943185,-0.04309563,-9.824607
0.24414062,-2.319336,-3.2958984,-0.075417355,-0.039504327,-9.847352
0.12207031,-2.319336,-3.3569336,-0.07062895,-0.039504327,-9.849746
0.18310547,-2.319336,-3.4179688,-0.062249243,-0.02873042,-9.849746
0.24414062,-2.319336,-3.4179688,-0.06703765,-0.04309563,-9.828198
0.24414062,-2.380371,-3.3569336,-0.06823475,-0.033518825,-9.849746
0.24414062,-2.2583008,-3.4179688,-0.062249243,-0.04189853,-9.841366
0.36621094,-2.319336,-3.2958984,-0.061052144,-0.027533319,-9.848549
0.36621094,-2.1972656,-3.4179688,-0.06464344,-0.03232172,-9.847352
0.30517578,-2.319336,-3.4179688,-0.062249243,-0.034715924,-9.832987
0.24414062,-2.319336,-3.3569336,-0.06464344,-0.029927522,-9.849746
0.24414062,-2.380371,-3.3569336,-0.06584055,-0.04309563,-9.835381
0.18310547,-2.2583008,-3.4179688,-0.07062895,-0.04070143,-9.8437605
0.36621094,-2.319336,-3.4179688,-0.07062895,-0.039504327,-9.847352
0.24414062,-2.2583008,-3.479004,-0.062249243,-0.039504327,-9.846154
0.18310547,-2.2583008,-3.4179688,-0.06584055,-0.037110128,-9.841366
0.36621094,-2.4414062,-3.4179688,-0.073023155,-0.04070143,-9.848549
0.36621094,-2.380371,-3.3569336,-0.074220255,-0.04189853,-9.834184
0.30517578,-2.2583008,-3.3569336,-0.06464344,-0.035913024,-9.848549
0.36621094,-2.319336,-3.3569336,-0.073023155,-0.04309563,-9.825804
0.30517578,-2.2583008,-3.4179688,-0.05865794,-0.038307227,-9.8437605
0.30517578,-2.1972656,-3.4179688,-0.06943185,-0.04070143,-9.848549
0.4272461,-2.319336,-3.3569336,-0.07062895,-0.04070143,-9.849746
0.4272461,-2.319336,-3.4179688,-0.07062895,-0.037110128,-9.847352
0.30517578,-2.2583008,-3.3569336,-0.06823475,-0.031124622,-9.847352
0.36621094,-2.319336,-3.3569336,-0.076614454,-0.037110128,-9.844957
0.36621094,-2.380371,-3.479004,-0.06584055,-0.037110128,-9.841366
0.24414062,-2.319336,-3.479004,-0.06823475,-0.04189853,-9.844957
0.36621094,-2.319336,-3.4179688,-0.07182605,-0.04189853,-9.836577
0.36621094,-2.319336,-3.479004,-0.05865794,-0.04070143,-9.846154
0.30517578,-2.2583008,-3.4179688,-0.06344634,-0.039504327,-9.844957
0.30517578,-2.319336,-3.4179688,-0.062249243,-0.04070143,-9.842564
0.30517578,-2.319336,-3.3569336,-0.062249243,-0.038307227,-9.844957
0.36621094,-2.319336,-3.3569336,-0.06943185,-0.04309563,-9.837775
0.36621094,-2.380371,-3.4179688,-0.06344634,-0.037110128,-9.849746
0.36621094,-2.380371,-3.479004,-0.06584055,-0.037110128,-9.849746
0.36621094,-2.2583008,-3.479004,-0.05865794,-0.033518825,-9.847352
0.30517578,-2.319336,-3.540039,-0.073023155,-0.04309563,-9.834184
0.24414062,-2.2583008,-3.4179688,-0.075417355,-0.04309563,-9.840169
0.30517578,-2.2583008,-3.4179688,-0.07182605,-0.04070143,-9.841366
0.30517578,-2.319336,-3.4179688,-0.061052144,-0.038307227,-9.846154
0.24414062,-2.319336,-3.4179688,-0.05626374,-0.029927522,-9.849746
0.24414062,-2.380371,-3.479004,-0.07062895,-0.04309563,-9.830592
0.30517578,-2.319336,-3.540039,-0.06703765,-0.033518825,-9.849746
0.24414062,-2.319336,-3.479004,-0.06823475,-0.035913024,-9.841366
0.18310547,-2.2583008,-3.479004,-0.06943185,-0.04070143,-9.8437605
0.30517578,-2.2583008,-3.4179688,-0.06464344,-0.04189853,-9.848549
0.36621094,-2.2583008,-3.4179688,-0.062249243,-0.039504327,-9.849746
0.30517578,-2.319336,-3.479004,-0.06703765,-0.04309563,-9.829395
0.24414062,-2.2583008,-3.4179688,-0.077811554,-0.04309563,-9.849746
0.30517578,-2.2583008,-3.4179688,-0.06943185,-0.04309563,-9.836577
0.24414062,-2.380371,-3.4179688,-0.07062895,-0.039504327,-9.844957
0.30517578,-2.319336,-3.3569336,-0.06703765,-0.039504327,-9.8437605
0.18310547,-2.319336,-3.3569336,-0.07062895,-0.04070143,-9.844957
0.18310547,-2.2583008,-3.3569336,-0.06464344,-0.04309563,-9.8437605
0.30517578,-2.319336,-3.4179688,-0.07062895,-0.038307227,-9.838972
0.36621094,-2.2583008,-3.4179688,-0.06584055,-0.029927522,-9.849746
0.30517578,-2.319336,-3.479004,-0.06703765,-0.038307227,-9.835381
0.30517578,-2.2583008,-3.3569336,-0.061052144,-0.039504327,-9.844957
0.36621094,-2.2583008,-3.4179688,-0.06703765,-0.039504327,-9.847352
0.30517578,-2.319336,-3.3569336,-0.06703765,-0.04070143,-9.844957
0.30517578,-2.319336,-3.479004,-0.06943185,-0.04189853,-9.8437605
0.36621094,-2.1972656,-3.4179688,-0.06584055,-0.04309563,-9.8437605
0.30517578,-2.319336,-3.3569336,-0.06464344,-0.034715924,-9.844957
0.24414062,-2.380371,-3.4179688,-0.061052144,-0.029927522,-9.849746
0.24414062,-2.2583008,-3.3569336,-0.05865794,-0.035913024,-9.847352
0.30517578,-2.319336,-3.3569336,-0.05746084,-0.033518825,-9.842564
0.36621094,-2.2583008,-3.3569336,-0.06344634,-0.038307227,-9.846154
0.36621094,-2.2583008,-3.4179688,-0.06584055,-0.037110128,-9.841366
0.30517578,-2.2583008,-3.4179688,-0.06464344,-0.035913024,-9.842564
0.30517578,-2.1972656,-3.479004,-0.07062895,-0.04309563,-9.841366
0.30517578,-2.319336,-3.479004,-0.074220255,-0.04189853,-9.838972
0.36621094,-2.319336,-3.479004,-0.061052144,-0.039504327,-9.838972
0.36621094,-2.4414062,-3.4179688,-0.06344634,-0.04189853,-9.841366
0.36621094,-2.380371,-3.479004,-0.06823475,-0.038307227,-9.844957
0.24414062,-2.319336,-3.4179688,-0.06943185,-0.04070143,-9.841366
0.30517578,-2.2583008,-3.479004,-0.06344634,-0.035913024,-9.848549
0.30517578,-2.319336,-3.479004,-0.07062895,-0.038307227,-9.848549
0.24414062,-2.319336,-3.4179688,-0.06464344,-0.04070143,-9.846154
0.30517578,-2.319336,-3.3569336,-0.06464344,-0.04189853,-9.841366
0.36621094,-2.2583008,-3.4179688,-0.06464344,-0.038307227,-9.844957
0.24414062,-2.380371,-3.479004,-0.059855044,-0.034715924,-9.849746
0.24414062,-2.319336,-3.3569336,-0.062249243,-0.037110128,-9.825804
0.30517578,-2.319336,-3.3569336,-0.06703765,-0.039504327,-9.847352
0.30517578,-2.319336,-3.4179688,-0.06584055,-0.04070143,-9.831789
0.24414062,-2.319336,-3.479004,-0.06584055,-0.04309563,-9.835381
0.36621094,-2.380371,-3.4179688,-0.074220255,-0.04309563,-9.842564
0.24414062,-2.2583008,-3.4179688,-0.07062895,-0.04309563,-9.848549
0.12207031,-2.1972656,-3.4179688,-0.06943185,-0.04070143,-9.849746
0.24414062,-2.319336,-3.4179688,-0.061052144,-0.035913024,-9.844957
0.24414062,-2.2583008,-3.4179688,-0.062249243,-0.037110128,-9.848549
0.24414062,-2.319336,-3.4179688,-0.05746084,-0.038307227,-9.849746
0.24414062,-2.319336,-3.3569336,-0.06344634,-0.037110128,-9.849746
0.36621094,-2.319336,-3.4179688,-0.06703765,-0.037110128,-9.849746
0.30517578,-2.2583008,-3.3569336,-0.06703765,-0.035913024,-9.847352
0.24414062,-2.1972656,-3.3569336,-0.06943185,-0.04309563,-9.838972
0.24414062,-2.380371,-3.4179688,-0.07062895,-0.04309563,-9.837775
0.30517578,-2.2583008,-3.3569336,-0.075417355,-0.04309563,-9.837775
0.36621094,-2.319336,-3.4179688,-0.06344634,-0.04070143,-9.838972
0.24414062,-2.319336,-3.4179688,-0.06943185,-0.04309563,-9.847352
0.30517578,-2.2583008,-3.479004,-0.06703765,-0.04189853,-9.848549
0.36621094,-2.4414062,-3.3569336,-0.06703765,-0.039504327,-9.846154
0.36621094,-2.319336,-3.4179688,-0.05267244,-0.027533319,-9.840169
0.36621094,-2.380371,-3.4179688,-0.05746084,-0.03232172,-9.849746
0.30517578,-2.319336,-3.4179688,-0.05865794,-0.035913024,-9.849746
0.30517578,-2.380371,-3.4179688,-0.05865794,-0.033518825,-9.849746
0.24414062,-2.319336,-3.4179688,-0.073023155,-0.04189853,-9.842564
0.30517578,-2.4414062,-3.4179688,-0.075417355,-0.04189853,-9.837775
0.30517578,-2.319336,-3.3569336,-0.06703765,-0.038307227,-9.849746
0.30517578,-2.2583008,-3.4179688,-0.07062895,-0.04309563,-9.827001
0.30517578,-2.2583008,-3.4179688,-0.06584055,-0.038307227,-9.847352
0.30517578,-2.380371,-3.3569336,-0.06464344,-0.037110128,-9.849746
0.30517578,-2.319336,-3.3569336,-0.061052144,-0.039504327,-9.847352
0.24414062,-2.319336,-3.3569336,-0.061052144,-0.04070143,-9.837775
0.24414062,-2.319336,-3.479004,-0.07182605,-0.04309563,-9.835381
0.36621094,-2.319336,-3.4179688,-0.06823475,-0.04309563,-9.818622
0.24414062,-2.2583008,-3.4179688,-0.073023155,-0.04309563,-9.827001
0.30517578,-2.2583008,-3.479004,-0.07062895,-0.04309563,-9.834184
0.24414062,-2.380371,-3.4179688,-0.06703765,-0.038307227,-9.847352
0.24414062,-2.380371,-3.4179688,-0.07182605,-0.02873042,-9.849746
0.18310547,-2.319336,-3.4179688,-0.073023155,-0.04070143,-9.829395
0.30517578,-2.319336,-3.4179688,-0.073023155,-0.04189853,-9.847352
0.30517578,-2.319336,-3.4179688,-0.073023155,-0.04309563,-9.830592
0.24414062,-2.319336,-3.540039,-0.061052144,-0.044292733,-9.831789
0.24414062,-2.2583008,-3.479004,-0.05865794,-0.04309563,-9.832987
0.24414062,-2.380371,-3.4179688,-0.06344634,-0.04309563,-9.836577
0.30517578,-2.319336,-3.479004,-0.076614454,-0.02633622,-9.82341
0.30517578,-2.319336,-3.4179688,-0.073023155,-0.034715924,-9.825804
0.30517578,-2.1972656,-3.479004,-0.06703765,-0.034715924,-9.841366
0.24414062,-2.1972656,-3.479004,-0.08020575,-0.04070143,-9.837775
0.18310547,-2.319336,-3.3569336,-0.06703765,-0.04309563,-9.836577
0.24414062,-2.1972656,-3.4179688,-0.07062895,-0.04309563,-9.830592
0.24414062,-2.380371,-3.4179688,-0.05865794,-0.04309563,-9.837775
0.30517578,-2.319336,-3.4179688,-0.06703765,-0.04070143,-9.840169
0.30517578,-2.319336,-3.4179688,-0.06584055,-0.03232172,-9.834184
0.24414062,-2.319336,-3.4179688,-0.07182605,-0.027533319,-9.844957
0.24414062,-2.319336,-3.3569336,-0.06943185,-0.034715924,-9.846154
0.24414062,-2.319336,-3.3569336,-0.06584055,-0.035913024,-9.848549
0.4272461,-2.319336,-3.3569336,-0.061052144,-0.039504327,-9.842564
0.36621094,-2.2583008,-3.479004,-0.06823475,-0.04309563,-9.842564
0.30517578,-2.1362305,-3.3569336,-0.06823475,-0.04309563,-9.829395
0.30517578,-2.319336,-3.3569336,-0.06464344,-0.038307227,-9.835381
0.24414062,-2.319336,-3.4179688,-0.06584055,-0.035913024,-9.832987
0.30517578,-2.2583008,-3.3569336,-0.06344634,-0.031124622,-9.8437605
0.30517578,-2.319336,-3.4179688,-0.061052144,-0.031124622,-9.8437605
0.18310547,-2.319336,-3.479004,-0.06943185,-0.04189853,-9.838972
0.30517578,-2.319336,-3.479004,-0.06584055,-0.038307227,-9.847352
0.4272461,-2.319336,-3.479004,-0.059855044,-0.04189853,-9.827001
0.30517578,-2.319336,-3.4179688,-0.05746084,-0.039504327,-9.836577
0.18310547,-2.1972656,-3.4179688,-0.062249243,-0.037110128,-9.834184
0.30517578,-2.2583008,-3.3569336,-0.073023155,-0.04070143,-9.838972
0.30517578,-2.1972656,-3.3569336,-0.075417355,-0.04309563,-9.828198
0.30517578,-2.2583008,-3.4179688,-0.073023155,-0.02873042,-9.829395
0.36621094,-2.319336,-3.479004,-0.06464344,-0.04070143,-9.830592
0.30517578,-2.319336,-3.4179688,-0.06703765,-0.04309563,-9.832987
0.30517578,-2.319336,-3.4179688,-0.07062895,-0.04309563,-9.830592
0.30517578,-2.380371,-3.3569336,-0.05865794,-0.04189853,-9.818622
0.30517578,-2.2583008,-3.3569336,-0.073023155,-0.04309563,-9.816227
0.36621094,-2.2583008,-3.4179688,-0.06823475,-0.033518825,-9.832987
0.30517578,-2.380371,-3.4179688,-0.073023155,-0.02633622,-9.838972
0.24414062,-2.319336,-3.4179688,-0.06464344,-0.035913024,-9.849746
0.30517578,-2.380371,-3.3569336,-0.079008654,-0.04309563,-9.805453
0.24414062,-2.319336,-3.4179688,-0.077811554,-0.044292733,-9.8042555
0.36621094,-2.380371,-3.4179688,-0.06703765,-0.044292733,-9.8437605
0.24414062,-2.319336,-3.479004,-0.073023155,-0.04309563,-9.810242
0.24414062,-2.380371,-3.4179688,-0.06943185,-0.04309563,-9.829395
0.30517578,-2.319336,-3.3569336,-0.06344634,-0.04309563,-9.825804
0.30517578,-2.2583008,-3.4179688,-0.06943185,-0.035913024,-9.849746
0.24414062,-2.1972656,-3.4179688,-0.06823475,-0.039504327,-9.82341
0.24414062,-2.380371,-3.2958984,-0.073023155,-0.04189853,-9.8437605
0.30517578,-2.319336,-3.3569336,-0.075417355,-0.04309563,-9.81503
0.30517578,-2.319336,-3.4179688,-0.08379706,-0.031124622,-9.831789
