<robot name="myrobot">

    <link name="body">
        <visual>
          <origin xyz="0 0 0" rpy="0 0 0" />
          <geometry>
            <cylinder radius="0.1" length=".5" />
          </geometry>
          <material name="blue">
            <color rgba="0 0 1 0.5" />
          </material>
        </visual>
    </link>

    <link name="head">
        <visual>
          <geometry>
            <sphere radius=".3" />
          </geometry>
          <material name="red">
            <color rgba="1 0 0 0.5" />
          </material>
        </visual>
      </link>
    
      <joint name="body2head" type="fixed">
        <origin xyz="0 0 0.55" />
        <parent link="body"/>
        <child link="head"/>
      </joint>
</robot>
