{
    "acc_unit": "m/s^2",
    "gyr_unit": "deg/s",
    "from_acc_unit": "m/s^2",
    "from_gyr_unit": "deg/s",
    "comment": "FRA333_lab3",
    "K_a": [
        [
            0.9997839536587397,
            0.0,
            0.0
        ],
        [
            0.0,
            0.9966295703938612,
            0.0
        ],
        [
            0.0,
            0.0,
            0.997553815060167
        ]
    ],
    "R_a": [
        [
            0.9996145775714235,
            -0.01416770575316752,
            0.02387409517440021
        ],
        [
            0.045064757577865815,
            0.9989543099308069,
            0.007710661133354341
        ],
        [
            -0.020583781652249528,
            -0.012287317461617858,
            0.999712623588644
        ]
    ],
    "b_a": [
        0.018200879087628685,
        -0.07957220642789853,
        -0.06460936503967396
    ],
    "K_g": [
        [
            0.8939213221945881,
            0.0,
            0.0
        ],
        [
            0.0,
            0.8669510096958868,
            0.0
        ],
        [
            0.0,
            0.0,
            0.8662238745504138
        ]
    ],
    "R_g": [
        [
            0.9992616867946696,
            -0.017462686952663835,
            -0.03422186243711345
        ],
        [
            -0.005143777973961576,
            0.9999776880204003,
            0.00426204288218579
        ],
        [
            -0.043556948522580054,
            -0.0409185085588342,
            0.9982126366124214
        ]
    ],
    "K_ga": [
        [
            0.005064721470923087,
            -0.00166702173771871,
            0.010845371062994448
        ],
        [
            -0.012752826452174196,
            0.005209539777163768,
            -0.00044914693868288726
        ],
        [
            -0.03183203052734442,
            0.009346488477330989,
            -0.017570133297911086
        ]
    ],
    "b_g": [
        0.375760583455334,
        -2.521233670026019,
        -3.4606351372246316
    ],
    "cal_type": "Ferraris",
    "_format_version": "2.0.0"
}